case,no_l2_makespan,l2_makespan,l2_speedup,cache_hit_rate,added_copy_no_l2,added_copy_l2,plan_sha256,seconds
case_001,233110,233110,1.0,0.0,0,0,64d6f2b297b709b570b8b55d1d194fec38860aedf63c11aaf60cc64933d51970,0.1610672000097111
case_002,261945,261945,1.0,0.0,0,0,9ea2961cb0761ffab25876943b4d07b7bce76d5ae992463dcafc6a35067694e6,0.39423670002724975
case_003,602212,602212,1.0,0.0,0,0,9884e679c683a418ad5bce02eb776685aa89eae405a0ea2ac9d39fa0029c5abe,8.236050800071098
case_004,392357,392357,1.0,0.0,0,0,2c384cb279beb8e7c1d475033d20417f9be21aae85ba7cd3f27346a871c476f2,0.20007130003068596
case_005,95618,95618,1.0,0.0,0,0,f5ef7fed6dfc1dcefef4ff6e9f93c69f9c8700ae9023887c297987bd655cab19,1.2494366000173613
case_006,82837,82837,1.0,0.029275126148920052,16400,16400,d40408d706a30c9406558f5770a0c11a0fe555b6ef3a1bbaaefa0c8d55f32914,0.16408210003282875
case_007,1012562,1012562,1.0,0.0,0,0,2f9f56272856e422f5cfd8c39b111f190a2382aa245cfc036013f67978bbb724,1.670757899992168
case_008,487605,487605,1.0,0.0,0,0,9e49010cefed73ae3d54de40191e0be23e81a73ec4cb204a97d438f8d1b73e3b,0.29658750002272427
case_009,153261,153261,1.0,0.0,0,0,7aa3e2e81c9dd57a463e7c451df5a095135c5308617d1f03a02a0f2b6bb60036,2.4083830000599846
case_010,86969,86969,1.0,0.0,0,0,038a6e2f7f97545195df20bd7dc3b802521223c0e618f34bd9697d1f9c73ebdb,0.13593270001001656
case_011,184697,184697,1.0,0.0,0,0,dd532f33d8dba0014f7021fab8cde4ed9ea0c35357558500c69bfc1e1ceca465,0.17373409995343536
case_012,59088,59088,1.0,0.0,0,0,2299a9bcb1fef463811628875730214b4b39170c5c34df561ec2ce3b886d9dca,0.23599280009511858
case_013,263949,263949,1.0,0.0,0,0,b43a2d879758c1855d0c5d1f91e4d37cbfb200f27ed7c8d01111594cf43b0ffe,0.790109800058417
case_014,17698626,17689602,1.0005101301883446,0.12291025483195864,71010720,71010720,e4470d63e799b39297ce8ca9f032c36890a56cad0044a10c7428fac25edf97c2,23.586900700000115
case_015,177362,177362,1.0,0.1692685978123867,180256,180256,be67ba9c63e4822c80a1c606810e911c4fbd51ed2473b04c77d510b1ef97f1a2,0.2211519000120461
case_016,7715523,7715523,1.0,0.0,0,0,ceb691fa3f6538b83035d95def0b97b3c816ea719b0a9eb61639b5899d297c41,15.97755260008853
case_017,162810,162810,1.0,0.040398388942088706,22528,22528,f7d0f847e65f31b26b41fa1e2c12d767e7cb21739e4546eb9b26197b1d4f76fc,0.3121383999241516
case_018,1004367,1003110,1.0012531028501361,0.34375031576536474,1970176,1970176,e12c9c1403811614a67afee8d8c39c2e23f96eb99aa1f87302f2ece2d60f77af,0.6739328999537975
case_019,81144,81144,1.0,0.0,0,0,ba3b5e162323e37db2b485471deb0ce1c53eb82b9640834648cf30469481679b,0.12996589997783303
case_020,532746,532746,1.0,0.0,0,0,7ddee8492be9d4e50fbf482badb38b6b5fc65bf73aa53b9d8c47733aca95ef7d,1.8381840999936685
case_021,6567937,6558837,1.0013874410966457,0.5005973715651135,4501504,4501504,75c76d7ca84bf5240860631260ea9acadc6a6a12f28c2b338762b8ba1f477e40,1.8235223999945447
case_022,56780,56780,1.0,0.0,0,0,eaf1cfb44676adb9e2de432e7d8b63d9a13928fb5cad53d4fd5288cfe6c4dcaf,0.30411800008732826
case_023,122614,122614,1.0,0.0,0,0,4824d37f7e18bdf281fc18e240eac9c7adfc06bde5a86778aa6e2baab0d61d5e,0.21761539997532964
case_024,2555343,2555343,1.0,0.0,0,0,60bdfaac27bdd7cbde4e5b65714b5f6b492e1f8b829661c21657b3a1a8c4b1a9,2.345414699986577
case_025,4863026,4863026,1.0,0.0,0,0,3dfdd9e81db84bf4367303e264285f4d7d544e5e7ffae66758d305d0c9896c10,20.893762399908155
case_026,99203,99203,1.0,0.0,0,0,9c7cea08ea3f9abac362c6287b7f95c552c907084ae00d7cfcc993146cda444b,0.1172885000705719
case_027,2363952,2359515,1.0018804711985303,0.2689393939393939,1400832,1400832,fc190b9e4e6e8f7041e044c2e0bfd673942a4b17c3605109af3b083514832ee1,0.4897089999867603
case_028,43836040,43836040,1.0,0.0,277412256,277412256,88dfcc461a385e9ea71af08347493b0ea09e49fab789200bd9bed0e0e9a0ff10,24.862139099976048
case_029,37555,37555,1.0,0.0,0,0,8c0602d829297e24f835c5e6089f7b199c7661b1d5530315bb9a8df1a8869091,0.21599039994180202
case_030,2808034,2807891,1.0000509279028282,0.259867995341012,5519360,5519360,d6b29aaaa3d69c5f8afc7287bcecbff433206abf031953532a4b863effec05c8,4.669260299997404
case_031,1414369,1414159,1.0001484981533193,0.26059362793218216,3491328,3491328,5b7474d17dc239aba45544511942ed7e90340f54970174c6f99f52983511c0b7,1.808288700063713
case_032,41443,41443,1.0,0.0,0,0,ae8c0b3c6fbff007ff2f81a0672424e0fc9b4f162bfb791127c8989fb291132a,0.2149822999490425
case_033,1774196,1774080,1.000065386002886,0.09627692445862406,4592640,4592640,4e9616d8b5284e12ac96679481d9c1df20d38f83e1e52aaae2f3765b09f69dfd,0.9873283000197262
case_034,842996,842733,1.0003120798639664,0.309046599146855,1079832,1079832,73a6322df4957ae15a9af6cf2a0a89c072427f076e3920c4fe59930b883f40e4,1.168363400036469
case_035,169571,169571,1.0,0.0,0,0,6a3b6a8e9352203283d45469c90f6c0d75a56f6e841627e3ffdc298590eccd50,1.0584766999818385
case_036,931510,931510,1.0,0.0,0,0,d64d21298efb9524f15b22d64f5e48b8064b683e7973cbfeaaf5a044e77b4072,1.0532313999719918
case_037,210001,210001,1.0,0.0,0,0,0a835b6f10c83a84d338adc6b6089fe29ee25797607448b8261d9b4b31947ff2,0.23595580004621297
case_038,1364555,1363312,1.0009117502083162,0.1736168151396097,5627904,5627904,364dc9457dbff2fbf7a05fe33764073b773734095f0d85bbb9e6b31910a223b7,2.0682566000614315
case_039,1435262,1435262,1.0,0.0,7929856,7929856,d2eb755c04a4f7046f4430f1789c2e9d1423f94eb1adda29cbf4bfd3b9a620d4,2.917713899980299
case_040,253454,253454,1.0,0.0,0,0,ed6e5d67d0a1c8b79279de11cbd267e099fc61becf7a7e4eeaff7e25017cd64a,0.6199459000490606
case_041,6003957,6001575,1.0003968958148486,0.10163681549404405,30898176,30898176,727befc5bd821bdc12309e8d820075590819035055e33c4da63b4c0fd5bcc5f2,11.544821999967098
case_042,1686740,1675633,1.0066285397816825,0.3186917583766532,6629376,6629376,adcdc424d75206250562abdf2f450b7463cbe57bf684fa8cce47171b1eed198e,1.8235209000995383
case_043,677656,677656,1.0,0.03320740032104811,49160,49160,eb75eae9a56d7695a0e7b26bfde3831bc157ae66177ca9f0293179f942412068,2.9555715000024065
case_044,154407,107814,1.4321609438477378,0.8199885718367201,4438112,4438112,b23a4835c93b4a4159ec4b33854f7a05c46a07b1cd8f3ea36657be61f0d580bc,0.34362589998636395
case_045,125614,125614,1.0,0.0,0,0,816f90d0779e0c3ebac9f25935ebab5434272b6902bef41fda2bb061e27a7432,0.280572299961932
case_046,276455,244994,1.1284153897646474,0.7530304668077024,3176288,3176288,857503d10ef18ef2bd83df97b4d5f4601322b93ebd1bc48a48f5ab10454fa15f,0.254652600036934
case_047,326508,326508,1.0,0.0,0,0,9f686d6fe9cb4664629d51ef1bdb2181b4df150b7646feadcdebe974cbc607eb,9.123392199981026
case_048,222220,222220,1.0,0.0,0,0,fccfe92b14b3a2062ed290f18d83dd83b311adf67f9ac345c8d09e8bf80e7ca0,0.44524919998366386
case_049,196276,196276,1.0,0.0,0,0,d767968e9f5a8e43d324117a3b03928e23ae34a2dd070416c9bc7e85324192c8,1.3691955000394955
case_050,149690,149690,1.0,0.0,0,0,bcb05239a30c953db5499352668fc934e20c5d9e7b9179eb9e491a699ebbcb4a,1.499015299952589
case_051,607628,607628,1.0,0.0,0,0,a99839fc0c6ff3f3581958c9c69c3737e2f83f16ad3efe64d200b0afcd604df0,0.29053490003570914
case_052,180301,180301,1.0,0.0,0,0,e33de3b01a6bd97632d9315cad027d044f1cdd4cadd130a140b0fd547f7ba4c8,0.2639329000376165
case_053,1472686,1428109,1.0312140039730862,0.6248708378144704,5405536,5405536,6ffda1d14e47d9998af5896ddd800ac37cf64a1e928305b872281e6374b17a04,3.3163254999089986
case_054,815051,815051,1.0,0.0,0,0,55710397b533d1b3a5bd31bba4997b09e4f6eaa019d8e44828eccedc6c5b05bb,11.838912799954414
case_055,118835,118835,1.0,0.10014324257468461,69632,69632,57f1aa3ebfd308a12a8c4fdfa68250eb54e430fe7e60658982741cfe07245f91,0.2797321000834927
case_056,277285,277285,1.0,0.0,0,0,743175f0c2281513c5ba96ab480f89a6b160427a20f1643bab65d04602081c3c,3.6566621999954805
case_057,59726,59726,1.0,0.21868152274837513,94216,94216,acd89f79c14e426db3abaaef2c68de7b4ce99efc97a95aebf8438072ab410cf5,0.20274189999327064
case_058,4539717,4539717,1.0,0.0,28696576,28696576,ff71c780c30ca091e2677bec8c5d6320f2d7acb191c9f44dbc2e314322d098c5,18.82681140000932
case_059,829473,815938,1.0165882701871956,0.6100443131462334,1691648,1691648,2e6a67d7d77f4b2e1ea02410090335b393c7c9d2780064849fbac16238d5ce03,0.9271188999991864
case_060,888789,887801,1.001112862003985,0.4231432279268349,2068520,2068520,1bf1e8d665a7ae8b468b8fb45b8bffc663e14d7443fb16f75feb6c65e761eac8,2.0565005999524146
case_061,77191,77191,1.0,0.0,0,0,edb353981bb45230de54747db9aa340d4d2df60e2525987635147267b7b99e11,0.2401439999230206
case_062,2854809,2854809,1.0,0.0,0,0,fd3cb50d6d81addc681279ae0a013b7060af8878acdbfd2ba99db86a91b024f5,11.116204400081187
case_063,1070397,1070397,1.0,0.0,0,0,22ba1aa466d54b5388d6a4f595e2c379d9b03d96a9122f8f166ba87ce165e289,3.8041654999833554
case_064,19116,19116,1.0,0.0,0,0,8a238951c2570c526b3eb7e15370b4a18f94f353732e7bb3f7270be821613e4d,0.17561889998614788
case_065,53068,53068,1.0,0.0,0,0,b88501b4bd402023171a82f1035f1d67955d3255d5a209d4c17c18d49a8265aa,0.15444070007652044
case_066,359070,359070,1.0,0.0,0,0,dd7381108e3f2ee3eb10c38889c5263501593f2933c63e397d51be5ad16c52cf,2.177773099974729
case_067,63834834,63834834,1.0,0.0,264449408,264449408,c4941c88134f54ccb49298297c83fd8be8bceed0dd301c300e3ed04e74f0316c,6.804734000004828
case_068,362095,362095,1.0,0.0,0,0,d639723b36690dff7eb2f7c0058fe0f6f97bcb5af40b1421d33bee41e8464da2,1.7044527999823913
case_069,25144,25144,1.0,0.0,0,0,af30ca687893924576b2272888779253902b1079d5f535e1e765c51d2adef0f8,0.1671162999700755
case_070,117300,117300,1.0,0.0,0,0,7c7f74954adf5d659bdacfc0445d9844032e7e2c046d0246eda7627371080aaf,0.2598301999969408
case_071,18919,18919,1.0,0.0,0,0,0bb6856ec887b768f441d834d34df78e6b9630a7775746bc926014951c23b9a7,0.12976869998965412
case_072,23897828,23890756,1.000296014073393,0.026210198484652728,108613680,108613680,ad063b0cdf68d42138e79be4c3ecf6eb375242ae6616a4f06fb8bdfceb76d2c1,23.417105700005777
case_073,10081626,10081626,1.0,0.0,141570432,141570432,100881ab473afdd2ce8319d0b66657708836433823172e17d45689ef1ef58c2d,2.489901600056328
case_074,1682239,1678120,1.002454532452983,0.16680485013829857,6070280,6070280,b02f51279acc25929809f62ef45cdf9fd885f724ef2eaef7f79e4e06947e6913,0.9936997999902815
case_075,1441809,1441809,1.0,0.0,0,0,5c6febfc5697a5325aaeeb2418ef066756a0ddab66423c47b65687021d1cc9e7,3.454619000083767
case_076,6185113,6183098,1.0003258884138664,0.13357661937269952,28280832,28280832,906537f45248d4fe0114ea7ed18e61d05ad0d55d1c5fb682fee585fb65cd667a,15.203274399973452
case_077,495320,495320,1.0,0.0,0,0,bf0059b3edaebc36c32fbc606e9c219af7e835f4bc1153952bdf0e581d28bd94,1.581826000008732
case_078,2296143,2296143,1.0,0.0,12644568,12644568,c421ea96a08fb13dbfd15bd12ea3ef49f49cbdc02856cc4c6032b9e4b9c67d0e,0.30870599998161197
case_079,31052251,31052251,1.0,0.0,32448512,32448512,1acd8e64b3eba2173611c94b57450892ab8b46cd571b84a93ebe557a557fa7a2,25.03725619998295
case_080,292138,291826,1.0010691302351402,0.1686143572621035,548864,548864,a771387827ddd8112fee5b7fd5c49d10d61d67a3c6bc59e36ba1eba28d01a2be,0.3194902999093756
case_081,151795,151795,1.0,0.0,0,0,a99f8cb4f2f3c9330df5e3fc99547a33e5589295870de36205af4f8d3c1ee67c,1.4841014000121504
case_082,721041,721041,1.0,0.0,0,0,f5ef7fed6dfc1dcefef4ff6e9f93c69f9c8700ae9023887c297987bd655cab19,1.1834147999761626
case_083,1057993,946145,1.1182144385902795,0.7958684091545202,13934688,13934688,6a0028bd6228a0618028627ffcd493f37c395b3fbcf399cea19306b4850d1254,1.6469615999376401
case_084,2507412,2507412,1.0,0.0,0,0,6d7e072fb61762200589548fae1c4ebf894c95d1e0a0a690fe440d121260af6f,7.630436099949293
case_085,3187899,3187899,1.0,0.0,0,0,8884046da863df8fbda6891818008b49910f5269413999e4ac9f47a26aa2ea03,17.6593030000804
case_086,118403,118403,1.0,0.0,0,0,0d563e6559f9527077a694ea99a33a07d9edeba4b7a2b92223f4385789f34c4a,1.7861044999444857
case_087,3974071,3969779,1.0010811684982968,0.18336776784760794,7902720,7902720,63ab0b24258b66da659e7926849e78ee6353de8548fd2d3602dd94b4f8febdce,24.003319300012663
case_088,243623,243623,1.0,0.0,0,0,fbc8f541d36e9683489b327888fc9fa266e6c3025176d0e02c5daaa7c4b2f76c,0.7262272000079975
case_089,693092,693092,1.0,0.0,0,0,18454e681cf07a9862e583f7bae3c56e001968a53e885384408412508053a2cd,1.8729737000539899
case_090,1178363,1178363,1.0,0.0,21233592,21233592,2839b41224031af7807c6fb13d7344b4583a48845bdb5f103aee490248ab22da,0.5651736001018435
case_091,9186769,9168820,1.001957612866214,0.10538579237748164,53947008,53947008,fd52d50c08487e3193ff37d3e2f6e7636213d1cd3cc95faec0dd934d4594fdb2,33.99913509993348
case_092,4815554,4333631,1.111205361047122,0.7935495964003455,66000096,66000096,0b957fd9c80e858061ac34b590feb368eb80eb7ebfb72e395da4446f9564a63e,19.346579500008374
case_093,74205,74205,1.0,0.0,0,0,a362e021ae414498dd346e4bc8e6b78da392e950324de1b529b931302c9673d6,0.18973650003317744
case_094,94892,94892,1.0,0.0,0,0,788706fae76b226a475e5ac58c41edb15ebab0028c04529b012cb440370c2030,0.1447640999685973
case_095,2084853,2084853,1.0,0.0,0,0,245022ea15499887e4f24537c733040b98ffcb6095987eaf889eee305833923d,1.9848452999722213
case_096,84194,84194,1.0,0.0,0,0,5c834b1e876a203ad83e6e6cc474b09935202a722da3aca8616e702d73f97fe1,0.2231434000423178
case_097,11491509,11491509,1.0,0.0,10584064,10584064,9e72258da64b8f13e0cd28dbf907b30806296ad1503f201dac9f31b973f98b78,4.509965399978682
case_098,177430,177430,1.0,0.0,0,0,433c381122151bc9df910934d44abf566fcc5394b5f6954ca2bef8fdbca59e2c,0.28517559997271746
case_099,1622999,1618902,1.002530727616619,0.25235465023466686,5484544,5484544,239e9c5e5625b65e0ba031d314c722c5df34cba7a120378df84f8ff91ebe1a53,1.9783932999707758
case_100,151223,151223,1.0,0.0,0,0,4b6acef75fa8c83443c8f4fc8c7057e42c213236f7b4b3fd66a43a96b59b8f25,0.28203010000288486
