case,problem,cores,algorithm,makespan,added_copy_bytes,spill_bytes,cache_hit_rate,runtime,evaluations,source,scale
case_034,1,2,baseline,493415,5374860,0,0,0.79598929999338,1,baseline,medium
case_034,1,2,multiseed,424344,836112,344080,0,19.615747199997713,14,affinity-2,medium
case_034,1,2,vns,421245,682512,344080,0,58.61506919999374,37,N4,medium
case_034,1,3,baseline,368822,5977504,0,0,0.7976510999942548,1,baseline,medium
case_034,1,3,multiseed,292991,1320968,278536,0,19.310615799993684,14,affinity-2,medium
case_034,1,3,vns,292991,1320968,278536,0,58.27925959999993,38,affinity-2,medium
case_034,1,4,baseline,355971,7919008,0,0,1.1587461000017356,1,baseline,medium
case_034,1,4,multiseed,223757,5341208,8192,0,22.908262099997955,14,affinity-12,medium
case_034,1,4,vns,221599,5328920,8192,0,51.66158069999801,40,N5,medium
case_034,1,5,baseline,300351,7394232,0,0,1.1892756999950507,1,baseline,medium
case_034,1,5,multiseed,182911,5479976,0,0,23.681400799992844,14,affinity-12,medium
case_034,1,5,vns,180581,5422628,8192,0,54.85221349999483,40,N6,medium
case_034,2,2,baseline,436209,2361984,229400,0,0.97175900000002,1,baseline,medium
case_034,2,2,multiseed,419492,757932,0,0,12.37982539999939,14,balanced-2,medium
case_034,2,2,vns,419487,768172,0,0,31.05761110000458,39,N6,medium
case_034,2,3,baseline,293630,3193180,32768,0,0.937760699998762,1,baseline,medium
case_034,2,3,multiseed,283407,3455538,469504,0,11.929975200000627,14,pipe-32,medium
case_034,2,3,vns,271473,3272216,479744,0,35.76315909999539,40,N8,medium
case_034,2,4,baseline,265624,5924656,0,0,0.9976231999971787,1,baseline,medium
case_034,2,4,multiseed,208506,3570208,0,0,12.382661999996344,14,pipe-32,medium
case_034,2,4,vns,207665,3491360,0,0,37.019295500002045,40,N2,medium
case_034,2,5,baseline,248346,4950432,0,0,0.9068306000044686,1,baseline,medium
case_034,2,5,multiseed,175569,2694144,49152,0,12.881142700003693,14,affinity-12,medium
case_034,2,5,vns,175084,2600960,49152,0,34.839435600006254,40,N6,medium
case_034,3,2,baseline,434503,2361984,229400,0.299227095909837,0.9683035999987624,1,baseline,medium
case_034,3,2,multiseed,419492,757932,0,0.16889206589908815,12.565859100002854,14,balanced-2,medium
case_034,3,2,vns,419487,768172,0,0.16859483906537545,32.897906799997145,39,N6,medium
case_034,3,3,baseline,293174,3193180,32768,0.39584803870596796,0.9370518000068842,1,baseline,medium
case_034,3,3,multiseed,281977,3455538,469504,0.3669072700135475,12.705847400000494,14,pipe-32,medium
case_034,3,3,vns,271277,3332640,479744,0.3674446007526843,38.141220900004555,40,N3,medium
case_034,3,4,baseline,264303,5924656,0,0.3896931142823339,0.9801726999940001,1,baseline,medium
case_034,3,4,multiseed,207337,3570208,0,0.4628666118173285,12.978836199989018,14,pipe-32,medium
case_034,3,4,vns,206722,3491360,0,0.45908169601537147,37.83724889999576,40,N2,medium
case_034,3,5,baseline,240940,4950432,0,0.4601101241911499,0.9613314000016544,1,baseline,medium
case_034,3,5,multiseed,173564,2694144,49152,0.4957234715310905,12.767926799999259,14,affinity-12,medium
case_034,3,5,vns,173520,2694144,49152,0.49695866290533736,35.066797999999835,40,N6,medium
case_035,1,2,baseline,179547,785044,0,0,0.719267900007253,1,baseline,medium
case_035,1,2,multiseed,100896,284422,0,0,13.400679900005343,14,affinity-4,medium
case_035,1,2,vns,100346,232352,0,0,35.6572168000057,40,N6,medium
case_035,1,3,baseline,172432,1075456,0,0,0.741207699997176,1,baseline,medium
case_035,1,3,multiseed,105907,1090302,0,0,12.625473999993119,14,affinity-12,medium
case_035,1,3,vns,105754,1059570,0,0,33.21431119999761,40,N3,medium
case_035,1,4,baseline,198323,1283892,0,0,0.7838833999994677,1,baseline,medium
case_035,1,4,multiseed,100933,284422,0,0,12.83225179999863,14,affinity-2,medium
case_035,1,4,vns,100351,232224,0,0,37.8381165000028,40,N4,medium
case_035,1,5,baseline,207237,1365376,0,0,0.851879599991662,1,baseline,medium
case_035,1,5,multiseed,126429,1655770,0,0,12.776618799995049,14,pipe-32,medium
case_035,1,5,vns,125105,1640922,0,0,39.30049649999273,40,N8,medium
case_035,2,2,baseline,152842,555534,0,0,0.8193188000004739,1,baseline,medium
case_035,2,2,multiseed,100038,4608,0,0,10.498758299996553,14,affinity-4,medium
case_035,2,2,vns,99275,73382,0,0,29.24371809999866,40,N3,medium
case_035,2,3,baseline,134308,936372,0,0,0.856343299994478,1,baseline,medium
case_035,2,3,multiseed,98323,8192,0,0,10.294117499994172,14,affinity-12,medium
case_035,2,3,vns,98323,0,0,0,30.819022699994093,40,N1,medium
case_035,2,4,baseline,134859,1257892,0,0,0.8553822000030777,1,baseline,medium
case_035,2,4,multiseed,99435,599794,0,0,10.813123100000666,14,pipe-32,medium
case_035,2,4,vns,98174,522478,0,0,32.55073329999868,40,N7,medium
case_035,2,5,baseline,136118,1335146,0,0,0.8759759999957168,1,baseline,medium
case_035,2,5,multiseed,99007,704312,0,0,10.934571899997536,14,pipe-32,medium
case_035,2,5,vns,97907,667260,0,0,32.34977629999776,40,N7,medium
case_035,3,2,baseline,152749,555534,0,0.20077394096499931,0.8552879000053508,1,baseline,medium
case_035,3,2,multiseed,100038,4608,0,0.01147736160164987,11.046300200003316,14,affinity-4,medium
case_035,3,2,vns,99275,73382,0,0.018803520348013636,30.858948100001726,40,N3,medium
case_035,3,3,baseline,134307,936372,0,0.3201926220980351,0.9482185999950161,1,baseline,medium
case_035,3,3,multiseed,98323,8192,0,0.0,10.978298299996823,14,affinity-12,medium
case_035,3,3,vns,98323,0,0,0.0,32.40637749999587,40,N1,medium
case_035,3,4,baseline,134299,1257892,0,0.40369601516313913,0.9148381000049994,1,baseline,medium
case_035,3,4,multiseed,99415,599794,0,0.2107616728249916,10.837048300010792,14,pipe-32,medium
case_035,3,4,vns,97988,538738,0,0.19422034085878706,33.05045310000423,40,N7,medium
case_035,3,5,baseline,135716,1335146,0,0.4032957502168257,0.9003014999980223,1,baseline,medium
case_035,3,5,multiseed,98993,704312,0,0.29631696298827964,11.243861100003414,14,pipe-32,medium
case_035,3,5,vns,97804,661828,0,0.296856036802694,33.02203379999992,40,N7,medium
case_036,1,2,baseline,477382,27648,0,0,0.5419841999973869,1,baseline,medium
case_036,1,2,multiseed,466636,3456,0,0,10.953381200000877,8,affinity-2,medium
case_036,1,2,vns,466636,3456,0,0,27.39498569999705,27,affinity-2,medium
case_036,1,3,baseline,325630,41472,0,0,0.5794470000037109,1,baseline,medium
case_036,1,3,multiseed,313714,6912,0,0,10.927116200000455,8,affinity-2,medium
case_036,1,3,vns,312819,18048,0,0,30.935232200004975,34,N6,medium
case_036,1,4,baseline,253188,56448,0,0,0.5877077000041027,1,baseline,medium
case_036,1,4,multiseed,234468,8064,0,0,11.03675800000201,8,affinity-2,medium
case_036,1,4,vns,234468,8064,0,0,27.3067577000038,32,affinity-2,medium
case_036,1,5,baseline,209619,70272,0,0,0.6829076999929384,1,baseline,medium
case_036,1,5,multiseed,188224,10368,0,0,10.607239199991454,8,affinity-2,medium
case_036,1,5,vns,188224,10368,0,0,25.90620329999365,32,affinity-2,medium
case_036,2,2,baseline,470655,1152,0,0,0.5853353999918909,1,baseline,medium
case_036,2,2,multiseed,466068,1152,0,0,5.3568958999967435,8,affinity-4,medium
case_036,2,2,vns,466068,1152,0,0,17.960282299995015,31,affinity-4,medium
case_036,2,3,baseline,317096,2304,0,0,0.5237266999974963,1,baseline,medium
case_036,2,3,multiseed,312440,2304,0,0,5.2022673999963445,8,affinity-2,medium
case_036,2,3,vns,311345,2304,0,0,17.44312319999881,32,N5,medium
case_036,2,4,baseline,242758,3456,0,0,0.48642399999516783,1,baseline,medium
case_036,2,4,multiseed,233584,3456,0,0,5.201115099996969,8,affinity-4,medium
case_036,2,4,vns,233584,3456,0,0,17.77931909999461,32,affinity-4,medium
case_036,2,5,baseline,197382,4608,0,0,0.5371295999939321,1,baseline,medium
case_036,2,5,multiseed,187182,4608,0,0,5.256094099997426,8,affinity-4,medium
case_036,2,5,vns,187182,4608,0,0,17.96923859999515,32,affinity-4,medium
case_036,3,2,baseline,470655,1152,0,0.0,0.5862235000022338,1,baseline,medium
case_036,3,2,multiseed,466068,1152,0,0.0,5.797016199998325,8,affinity-4,medium
case_036,3,2,vns,466068,1152,0,0.0,19.286764500000572,31,affinity-4,medium
case_036,3,3,baseline,317096,2304,0,0.0,0.5444929000004777,1,baseline,medium
case_036,3,3,multiseed,312440,2304,0,0.0,5.667775100002473,8,affinity-2,medium
case_036,3,3,vns,311345,2304,0,0.0,18.424211400000786,32,N5,medium
case_036,3,4,baseline,242758,3456,0,0.0,0.5860417999938363,1,baseline,medium
case_036,3,4,multiseed,233584,3456,0,0.0,5.563940999993065,8,affinity-4,medium
case_036,3,4,vns,233584,3456,0,0.0,18.692340899993724,32,affinity-4,medium
case_036,3,5,baseline,197382,4608,0,0.0,0.5732865000027232,1,baseline,medium
case_036,3,5,multiseed,187182,4608,0,0.0,5.74359099999856,8,affinity-4,medium
case_036,3,5,vns,187182,4608,0,0.0,18.535402499997872,32,affinity-4,medium
case_037,1,2,baseline,186035,3604480,0,0,0.24847560000489466,1,baseline,small
case_037,1,2,multiseed,106048,1105920,0,0,2.722254600004817,12,affinity-2,small
case_037,1,2,vns,105875,737280,0,0,6.134589799999958,32,N4,small
case_037,1,3,baseline,129202,3891200,0,0,0.26232270000036806,1,baseline,small
case_037,1,3,multiseed,80697,1835008,0,0,3.2171723999999813,13,pipe-4,small
case_037,1,3,vns,79144,1835008,0,0,9.812088899998344,46,N2,small
case_037,1,4,baseline,149478,5013504,0,0,0.3057953000025009,1,baseline,small
case_037,1,4,multiseed,57400,1925120,0,0,2.9014416999998502,12,affinity-4,small
case_037,1,4,vns,57400,1925120,0,0,7.267865100002382,36,affinity-4,small
case_037,1,5,baseline,108379,4890624,0,0,0.32334489999630023,1,baseline,small
case_037,1,5,multiseed,44206,1515520,0,0,3.2598772999990615,12,affinity-2,small
case_037,1,5,vns,44206,1515520,0,0,7.192197600001236,36,affinity-2,small
case_037,2,2,baseline,155847,2088960,0,0,0.20852480000030482,1,baseline,small
case_037,2,2,multiseed,105374,204800,0,0,1.6383619999978691,12,affinity-4,small
case_037,2,2,vns,105374,204800,0,0,4.579005899999174,36,affinity-4,small
case_037,2,3,baseline,100470,3014656,0,0,0.196510900001158,1,baseline,small
case_037,2,3,multiseed,72188,901120,0,0,1.9902271999962977,13,pipe-32,small
case_037,2,3,vns,71032,905216,0,0,9.387782300000254,58,N6,small
case_037,2,4,baseline,116068,4046848,0,0,0.25072720000025583,1,baseline,small
case_037,2,4,multiseed,53320,614400,0,0,1.7282029000052717,12,affinity-4,small
case_037,2,4,vns,53320,614400,0,0,5.0463557000039145,36,affinity-4,small
case_037,2,5,baseline,88272,4116480,0,0,0.23392440000316128,1,baseline,small
case_037,2,5,multiseed,43013,860160,0,0,2.135853200001293,12,affinity-2,small
case_037,2,5,vns,43013,819200,0,0,5.218442900004447,36,N2,small
case_037,3,2,baseline,155197,2088960,0,0.28888888888888886,0.199285399990913,1,baseline,small
case_037,3,2,multiseed,105374,204800,0,0.0,1.6256841999929748,12,affinity-4,small
case_037,3,2,vns,105374,204800,0,0.0,4.597887399992032,36,affinity-4,small
case_037,3,3,baseline,98410,3014656,0,0.39456869009584666,0.20364659999904688,1,baseline,small
case_037,3,3,multiseed,72188,901120,0,0.3687707641196013,2.125475099994219,13,pipe-32,small
case_037,3,3,vns,70970,905216,0,0.38741721854304634,10.138334499992197,58,N6,small
case_037,3,4,baseline,113752,4046848,0,0.2872200263504611,0.2501415000006091,1,baseline,small
case_037,3,4,multiseed,53320,614400,0,0.0,1.8656144999986282,12,affinity-4,small
case_037,3,4,vns,53320,614400,0,0.0,5.483095499999763,36,affinity-4,small
case_037,3,5,baseline,82098,4116480,0,0.3117723156532988,0.2521351000032155,1,baseline,small
case_037,3,5,multiseed,43013,860160,0,0.1514705882352941,2.359977500003879,12,affinity-2,small
case_037,3,5,vns,43013,819200,0,0.12121212121212122,5.649441700006719,36,N2,small
case_038,1,2,baseline,710089,11124912,0,0,1.9053835999948205,1,baseline,medium
case_038,1,2,multiseed,690953,4753920,2099712,0,50.05005330000131,14,affinity-2,medium
case_038,1,2,vns,690953,4753920,2099712,0,130.15941519999615,34,affinity-2,medium
case_038,1,3,baseline,506696,12188848,0,0,1.9878618000002461,1,baseline,medium
case_038,1,3,multiseed,464506,5176320,1350144,0,51.24756720000005,14,affinity-2,medium
case_038,1,3,vns,463523,5250052,1423872,0,155.78647490000003,40,N6,medium
case_038,1,4,baseline,682778,15016720,0,0,2.1399787999980617,1,baseline,medium
case_038,1,4,multiseed,352532,12913664,0,0,55.91385879999871,14,affinity-12,medium
case_038,1,4,vns,351803,12824580,0,0,113.31412219999766,40,N6,medium
case_038,1,5,baseline,519429,16260880,0,0,2.4766393000027165,1,baseline,medium
case_038,1,5,multiseed,286698,6681600,0,0,58.05287200000021,14,affinity-2,medium
case_038,1,5,vns,286698,6681600,0,0,169.05960420000338,38,affinity-2,medium
case_038,2,2,baseline,673452,2073752,86016,0,1.6465188000001945,1,baseline,medium
case_038,2,2,multiseed,673452,2073752,86016,0,24.76334230000066,14,baseline,medium
case_038,2,2,vns,673452,2000024,86016,0,66.9634487000003,40,N2,medium
case_038,2,3,baseline,466950,3590320,0,0,1.624346600001445,1,baseline,medium
case_038,2,3,multiseed,456738,8332800,2975744,0,24.1302222000013,14,pipe-32,medium
case_038,2,3,vns,454994,8191488,2935808,0,72.58757550000155,40,N4,medium
case_038,2,4,baseline,471564,6732048,0,0,1.751645299998927,1,baseline,medium
case_038,2,4,multiseed,349139,4368384,0,0,23.850006399996346,14,affinity-12,medium
case_038,2,4,vns,349139,4368384,0,0,58.95278649999818,38,affinity-12,medium
case_038,2,5,baseline,388425,10270968,0,0,1.7694133999975747,1,baseline,medium
case_038,2,5,multiseed,281493,8833024,138240,0,23.53049089999695,14,pipe-32,medium
case_038,2,5,vns,280538,8565760,156672,0,68.98431269999855,40,N7,medium
case_038,3,2,baseline,673452,2073752,86016,0.3672199780186905,1.6474723000064841,1,baseline,medium
case_038,3,2,multiseed,673452,2073752,86016,0.3672199780186905,24.298098500003107,14,baseline,medium
case_038,3,2,vns,673452,2000024,86016,0.35712037407860414,66.14061930000753,40,N2,medium
case_038,3,3,baseline,466806,3590320,0,0.5017256039775148,1.5510723000043072,1,baseline,medium
case_038,3,3,multiseed,456104,8332800,2975744,0.3972331143115066,25.44996980000724,14,pipe-32,medium
case_038,3,3,vns,454430,8191488,2935808,0.3894971954550365,77.40573050000239,40,N4,medium
case_038,3,4,baseline,470248,6732048,0,0.45126271224456926,1.713509699999122,1,baseline,medium
case_038,3,4,multiseed,349139,4368384,0,0.5733691485748025,25.436632400000235,14,affinity-12,medium
case_038,3,4,vns,349139,4368384,0,0.5733691485748025,63.221582899997884,38,affinity-12,medium
case_038,3,5,baseline,387200,10270968,0,0.45904896838565035,1.8798191000023508,1,baseline,medium
case_038,3,5,multiseed,280957,8833024,138240,0.5831347628267443,25.10381469999993,14,pipe-32,medium
case_038,3,5,vns,276602,8680960,129024,0.5729737083402489,72.87230760000239,40,N5,medium
case_039,1,2,baseline,1402476,20717568,0,0,1.670861499995226,1,baseline,medium
case_039,1,2,multiseed,699004,17620992,0,0,42.14700179999636,12,affinity-12,medium
case_039,1,2,vns,698719,17285120,0,0,91.40618879999965,40,N3,medium
case_039,1,3,baseline,714903,26025984,0,0,2.110417399999278,1,baseline,medium
case_039,1,3,multiseed,501097,22634496,0,0,44.71181969999452,12,affinity-12,medium
case_039,1,3,vns,486240,22462464,0,0,100.68245349999779,40,N6,medium
case_039,1,4,baseline,723190,30146560,0,0,2.1357496000055107,1,baseline,medium
case_039,1,4,multiseed,441849,14475264,0,0,42.582682700005535,12,affinity-4,medium
case_039,1,4,vns,387298,14336000,0,0,101.53628190000018,40,N6,medium
case_039,1,5,baseline,562938,28483584,0,0,1.5193914999981644,1,baseline,medium
case_039,1,5,multiseed,316542,9805824,0,0,38.6191600999955,12,affinity-2,medium
case_039,1,5,vns,316542,9805824,0,0,82.7458875999946,36,affinity-2,medium
case_039,2,2,baseline,803755,12386304,4743168,0,1.6041793999975198,1,baseline,medium
case_039,2,2,multiseed,705086,9105408,6148096,0,18.7230086999989,12,affinity-12,medium
case_039,2,2,vns,705060,9105408,6148096,0,60.177543999998306,40,N6,medium
case_039,2,3,baseline,672663,17256448,5083136,0,1.7226345999952173,1,baseline,medium
case_039,2,3,multiseed,487521,20594688,11952128,0,19.529675599995244,12,pipe-32,medium
case_039,2,3,vns,480630,20086784,11575296,0,68.28794639999978,40,N4,medium
case_039,2,4,baseline,515023,22360064,3457024,0,1.6924875999975484,1,baseline,medium
case_039,2,4,multiseed,362711,11440128,118784,0,18.74740789999487,12,pipe-32,medium
case_039,2,4,vns,353390,11030528,102400,0,58.38987329999509,40,N7,medium
case_039,2,5,baseline,431161,20480000,3670016,0,1.7168029000022216,1,baseline,medium
case_039,2,5,multiseed,325722,10272768,0,0,18.381318500003545,12,balanced-4,medium
case_039,2,5,vns,317066,10366976,1478656,0,55.23928430000524,40,N8,medium
case_039,3,2,baseline,803331,12386304,4743168,0.20275482093663913,1.7123898999998346,1,baseline,medium
case_039,3,2,multiseed,701871,9105408,6148096,0.4379809172052939,20.165114399998856,12,affinity-12,medium
case_039,3,2,vns,701809,9105408,6148096,0.4379809172052939,65.03400800000236,40,N6,medium
case_039,3,3,baseline,670123,17256448,5083136,0.3820883029922578,1.804338199995982,1,baseline,medium
case_039,3,3,multiseed,473950,20594688,11952128,0.3808085891628921,20.91430209999089,12,pipe-32,medium
case_039,3,3,vns,472526,20094976,11583488,0.4049657534246575,71.60248829999182,40,N2,medium
case_039,3,4,baseline,485423,22360064,3457024,0.3805433829973707,1.8445570999901975,1,baseline,medium
case_039,3,4,multiseed,354188,11440128,118784,0.6723209477652127,20.403911999994307,12,pipe-32,medium
case_039,3,4,vns,349026,11259904,102400,0.6519607843137255,61.394100199991954,40,N4,medium
case_039,3,5,baseline,340476,20480000,3670016,0.3708927978758712,1.6860882999899331,1,baseline,medium
case_039,3,5,multiseed,308064,14811136,2048000,0.539638087031452,19.28895539999212,12,affinity-12,medium
case_039,3,5,vns,303012,14757888,2048000,0.5631510416666666,59.7936350999953,40,N8,medium
case_040,1,2,baseline,241699,1329408,0,0,0.6429911999948672,1,baseline,medium
case_040,1,2,multiseed,132412,783610,0,0,10.405882599996403,14,affinity-4,medium
case_040,1,2,vns,131153,710234,0,0,28.779097999999067,40,N6,medium
case_040,1,3,baseline,235261,1628020,0,0,0.6279855999964639,1,baseline,medium
case_040,1,3,multiseed,126525,630366,0,0,10.697448899991286,14,affinity-2,medium
case_040,1,3,vns,125920,544824,0,0,32.90143289999105,40,N4,medium
case_040,1,4,baseline,222002,1720004,0,0,0.7335670000029495,1,baseline,medium
case_040,1,4,multiseed,124803,1220316,0,0,10.704733200000192,14,affinity-4,medium
case_040,1,4,vns,124580,1183440,0,0,27.607630000005884,40,N6,medium
case_040,1,5,baseline,178894,1997670,0,0,0.7250691000008374,1,baseline,medium
case_040,1,5,multiseed,109662,3463288,0,0,11.022271000001638,14,pipe-32,medium
case_040,1,5,vns,109082,3463288,0,0,39.901119900001504,40,N2,medium
case_040,2,2,baseline,181458,737482,0,0,0.649535399992601,1,baseline,medium
case_040,2,2,multiseed,130995,53760,0,0,7.904360799991991,14,affinity-12,medium
case_040,2,2,vns,130995,53760,0,0,22.13875159998861,38,affinity-12,medium
case_040,2,3,baseline,154364,1240464,0,0,0.6059652999974787,1,baseline,medium
case_040,2,3,multiseed,118234,57412,0,0,7.933365299999423,14,affinity-12,medium
case_040,2,3,vns,111804,117094,0,0,23.5442194999996,40,N7,medium
case_040,2,4,baseline,140482,1484582,0,0,0.6361187000002246,1,baseline,medium
case_040,2,4,multiseed,119456,66048,0,0,7.802833000001556,14,affinity-4,medium
case_040,2,4,vns,116144,94470,0,0,23.141396799997892,40,N7,medium
case_040,2,5,baseline,110286,1430794,0,0,0.6131774999957997,1,baseline,medium
case_040,2,5,multiseed,82940,1916472,0,0,7.9570633999901474,14,pipe-32,medium
case_040,2,5,vns,81091,1883828,0,0,26.197027599991998,40,N7,medium
case_040,3,2,baseline,181250,737482,0,0.19486138101794373,0.6696011000021826,1,baseline,medium
case_040,3,2,multiseed,130959,53760,0,0.053591230073766705,7.96170610000263,14,affinity-12,medium
case_040,3,2,vns,130959,53760,0,0.053591230073766705,22.624803000006068,38,affinity-12,medium
case_040,3,3,baseline,153866,1240464,0,0.28672709497270066,0.6145465000008699,1,baseline,medium
case_040,3,3,multiseed,118234,57412,0,0.02157945477955308,7.981485500000417,14,affinity-12,medium
case_040,3,3,vns,111792,117094,0,0.03530299902447712,23.65607199999795,40,N7,medium
case_040,3,4,baseline,140285,1484582,0,0.3314213582013454,0.6311149999964982,1,baseline,medium
case_040,3,4,multiseed,119456,66048,0,0.05501308812122527,8.029668399998627,14,affinity-4,medium
case_040,3,4,vns,116144,94470,0,0.020167904050106798,23.748677899995528,40,N7,medium
case_040,3,5,baseline,109935,1430794,0,0.18639819438605365,0.6558483999979217,1,baseline,medium
case_040,3,5,multiseed,81719,1916472,0,0.3628439432948874,8.362787300000491,14,pipe-32,medium
case_040,3,5,vns,80507,1850680,0,0.3483341160933918,27.118782600002305,40,N8,medium
case_041,1,2,baseline,3130580,35018476,0,0,7.838009499995678,1,baseline,large
case_041,1,2,multiseed,3005028,23107584,11295744,0,164.55544969999755,7,affinity-4,large
case_041,1,2,vns,2994152,23107584,11295744,0,312.68694259999756,16,N2,large
case_041,1,3,baseline,2097985,38415672,0,0,7.671007299992198,1,baseline,large
case_041,1,3,multiseed,2004415,23801856,5683200,0,162.50115629999345,7,affinity-4,large
case_041,1,3,vns,1997333,23801856,5683200,0,306.50250139999116,16,N2,large
case_041,1,4,baseline,1658244,40747320,0,0,7.599449200002709,1,baseline,large
case_041,1,4,multiseed,1517764,23107584,11295744,0,147.49224390000018,7,affinity-2,large
case_041,1,4,vns,1512421,23107584,11295744,0,317.0184197000053,13,N1,large
case_041,1,5,baseline,1302163,41543368,0,0,7.101155899996229,1,baseline,large
case_041,1,5,multiseed,1214163,23467008,8647680,0,145.56127890000062,7,affinity-2,large
case_041,1,5,vns,1214163,23467008,8647680,0,317.07339449999563,13,affinity-2,large
case_041,2,2,baseline,3137596,26721716,20127744,0,7.59070179999253,1,baseline,large
case_041,2,2,multiseed,3013900,24244224,20812800,0,107.08236649999162,13,affinity-4,large
case_041,2,2,vns,3013832,24317952,20812800,0,202.4864013999977,26,N5,large
case_041,2,3,baseline,2162558,28555576,18091008,0,6.817200300007244,1,baseline,large
case_041,2,3,multiseed,2012563,24059904,17691648,0,95.97637030000624,13,affinity-2,large
case_041,2,3,vns,2007756,24100864,17691648,0,174.3835842000044,26,N5,large
case_041,2,4,baseline,1627347,28112184,12878848,0,6.749840799988306,1,baseline,large
case_041,2,4,multiseed,1521010,23331840,14026752,0,96.9750678999917,13,affinity-2,large
case_041,2,4,vns,1511329,23288832,14045184,0,169.43199029999232,26,N4,large
case_041,2,5,baseline,1297806,28645064,9992192,0,6.515827700008231,1,baseline,large
case_041,2,5,multiseed,1222347,23918596,8100864,0,92.30324000000837,13,pipe-32,large
case_041,2,5,vns,1215630,23731204,8248320,0,173.00243610001053,26,N4,large
case_041,3,2,baseline,3134600,26721716,20127744,0.26415225245505974,8.142442700001993,1,baseline,large
case_041,3,2,multiseed,3007339,24244224,20812800,0.26244343891402716,108.77289749999909,13,affinity-4,large
case_041,3,2,vns,3007339,24244224,20812800,0.26244343891402716,205.71044139999867,26,affinity-4,large
case_041,3,3,baseline,2160971,28555576,18091008,0.13359589784458842,7.102146299999731,1,baseline,large
case_041,3,3,multiseed,2008303,24059904,17691648,0.263263793286032,97.56141260000004,13,affinity-2,large
case_041,3,3,vns,2003476,24100864,17691648,0.26413630110409536,178.86070130000007,26,N5,large
case_041,3,4,baseline,1605779,28112184,12878848,0.2633431777727254,6.82663739999407,1,baseline,large
case_041,3,4,multiseed,1509004,23331840,14026752,0.3058874646969368,100.02188199999364,13,affinity-2,large
case_041,3,4,vns,1507593,23288832,14045184,0.30298085291557875,173.96482669999386,26,N4,large
case_041,3,5,baseline,1296721,28645064,9992192,0.1180358994166348,6.597894200007431,1,baseline,large
case_041,3,5,multiseed,1215556,24072192,11790336,0.34688260823541867,95.6609979000059,13,affinity-2,large
case_041,3,5,vns,1212234,24107008,11784192,0.346393934050432,167.07317160000093,26,N5,large
case_042,1,2,baseline,862955,13533884,0,0,1.4272586000006413,1,baseline,medium
case_042,1,2,multiseed,839218,7636992,3588096,0,29.340434699995967,13,affinity-2,medium
case_042,1,2,vns,837160,7581696,3588096,0,92.69557649999479,36,N3,medium
case_042,1,3,baseline,671369,14252760,0,0,1.3188990999988164,1,baseline,medium
case_042,1,3,multiseed,569442,8119296,1536000,0,31.224035899998853,14,affinity-2,medium
case_042,1,3,vns,561427,8064004,1536000,0,99.4993001000039,40,N6,medium
case_042,1,4,baseline,578232,15880956,0,0,1.6361034999936237,1,baseline,medium
case_042,1,4,multiseed,478435,17914920,0,0,30.414811899994675,14,affinity-12,medium
case_042,1,4,vns,437257,17639464,0,0,78.80838079999376,40,N6,medium
case_042,1,5,baseline,743665,16520196,0,0,1.5974126000000979,1,baseline,medium
case_042,1,5,multiseed,368595,12727296,0,0,30.661165299999993,14,affinity-4,medium
case_042,1,5,vns,368595,12727296,0,0,75.15902079999796,38,affinity-4,medium
case_042,2,2,baseline,868686,7583236,5197824,0,1.1393992000012076,1,baseline,medium
case_042,2,2,multiseed,857074,7360512,5978112,0,17.162817000003997,13,affinity-2,medium
case_042,2,2,vns,847773,7415808,5978112,0,42.205720400001155,35,N1,medium
case_042,2,3,baseline,642167,9552584,4882432,0,1.4060247000015806,1,baseline,medium
case_042,2,3,multiseed,586844,17746976,6476800,0,18.700621700001648,14,pipe-32,medium
case_042,2,3,vns,574557,17031200,6832128,0,63.343696199997794,40,N5,medium
case_042,2,4,baseline,496876,8290044,2590720,0,1.2680158000002848,1,baseline,medium
case_042,2,4,multiseed,451869,6720512,2297856,0,18.13030609999987,14,affinity-12,medium
case_042,2,4,vns,445255,6934528,2150400,0,49.472066900001664,40,N5,medium
case_042,2,5,baseline,450179,11017220,1818624,0,1.4079084999975748,1,baseline,medium
case_042,2,5,multiseed,376349,7705600,2064384,0,18.5892881999971,14,affinity-12,medium
case_042,2,5,vns,367334,7676928,2018304,0,49.92019849999633,40,N8,medium
case_042,3,2,baseline,865919,7583236,5197824,0.3582980098079933,1.4809401000020443,1,baseline,medium
case_042,3,2,multiseed,851748,7360512,5978112,0.4242490054195994,17.87141690000135,13,affinity-2,medium
case_042,3,2,vns,841158,7415808,5978112,0.4275042944785276,43.235770699997374,35,N1,medium
case_042,3,3,baseline,625920,9552584,4882432,0.48395360614802196,1.3329406000048039,1,baseline,medium
case_042,3,3,multiseed,583656,7928832,5240832,0.4760350311045617,19.11637460000202,14,pipe-2,medium
case_042,3,3,vns,578699,8079744,5296128,0.4753423522152744,47.81973160000052,39,N3,medium
case_042,3,4,baseline,493029,8290044,2590720,0.5309245391350589,1.29462760000024,1,baseline,medium
case_042,3,4,multiseed,439185,17640484,7712768,0.28142194243266383,18.783425999994506,14,pipe-32,medium
case_042,3,4,vns,438804,17630244,7700480,0.2804961156810005,62.68061679999664,40,N6,medium
case_042,3,5,baseline,446214,11017220,1818624,0.5499836843154312,1.2907513000027393,1,baseline,medium
case_042,3,5,multiseed,375900,7705600,2064384,0.4730473117797265,18.11755190000258,14,affinity-12,medium
case_042,3,5,vns,354359,7974912,2045952,0.45927771806846174,48.13131360000261,40,N7,medium
case_043,1,2,baseline,590740,3395950,0,0,1.966691500005254,1,baseline,medium
case_043,1,2,multiseed,346822,1574800,16384,0,52.06313080000109,14,affinity-4,medium
case_043,1,2,vns,345924,1478524,16384,0,149.5471503000008,40,N6,medium
case_043,1,3,baseline,551870,3995924,0,0,2.004361199993582,1,baseline,medium
case_043,1,3,multiseed,273905,1214200,16384,0,49.16375779999362,14,pipe-2,medium
case_043,1,3,vns,273814,1320814,16384,0,175.2438808999941,40,N5,medium
case_043,1,4,baseline,540954,4272476,0,0,2.211248899999191,1,baseline,medium
case_043,1,4,multiseed,276486,1574800,16384,0,51.23264349999954,14,affinity-2,medium
case_043,1,4,vns,273419,1390218,49160,0,164.92526139999973,40,N8,medium
case_043,1,5,baseline,706800,5150222,0,0,2.3578264999960084,1,baseline,medium
case_043,1,5,multiseed,274250,1906956,0,0,47.988293900001736,14,affinity-2,medium
case_043,1,5,vns,272004,1724168,0,0,154.2048375999948,40,N6,medium
case_043,2,2,baseline,486551,1956882,0,0,2.8998948999942513,1,baseline,medium
case_043,2,2,multiseed,343864,627992,16384,0,36.55866259999311,14,pipe-4,medium
case_043,2,2,vns,343864,627992,16384,0,92.79632539999147,38,pipe-4,medium
case_043,2,3,baseline,439829,3219188,0,0,2.4504690000030678,1,baseline,medium
case_043,2,3,multiseed,262085,461174,16384,0,33.0589667000022,14,pipe-2,medium
case_043,2,3,vns,262065,445558,16384,0,86.95526319999772,40,N5,medium
case_043,2,4,baseline,361262,3912484,0,0,2.4966423000005307,1,baseline,medium
case_043,2,4,multiseed,263990,292756,0,0,33.669560899994394,14,affinity-12,medium
case_043,2,4,vns,255010,291756,0,0,94.43230939999921,40,N7,medium
case_043,2,5,baseline,355272,4607810,0,0,2.427980699998443,1,baseline,medium
case_043,2,5,multiseed,266825,599040,0,0,34.11783260000084,14,affinity-2,medium
case_043,2,5,vns,264949,471286,0,0,92.85394449999876,40,N6,medium
case_043,3,2,baseline,486551,1956882,0,0.22905961672599356,2.670105400000466,1,baseline,medium
case_043,3,2,multiseed,343864,627992,16384,0.18808599712180019,35.53609229999711,14,pipe-4,medium
case_043,3,2,vns,343864,627992,16384,0.18808599712180019,95.87283049999678,38,pipe-4,medium
case_043,3,3,baseline,439728,3219188,0,0.33461790454673823,2.406923900009133,1,baseline,medium
case_043,3,3,multiseed,262085,461174,16384,0.1903189721055681,34.81737640000938,14,pipe-2,medium
case_043,3,3,vns,262065,445558,16384,0.13789464821320982,93.44240400000854,40,N5,medium
case_043,3,4,baseline,361017,3912484,0,0.3867118580650426,2.7072234000006574,1,baseline,medium
case_043,3,4,multiseed,263990,292756,0,0.13991990830491446,35.865931599997566,14,affinity-12,medium
case_043,3,4,vns,255010,291756,0,0.05871489725196323,100.04037780000363,40,N7,medium
case_043,3,5,baseline,354657,4607810,0,0.4074291910050504,2.5128232999995816,1,baseline,medium
case_043,3,5,multiseed,266825,599040,0,0.23304414305953194,36.95500059999904,14,affinity-2,medium
case_043,3,5,vns,264944,471286,0,0.1366415095571268,96.89107570000488,40,N6,medium
case_044,1,2,baseline,210087,9416640,0,0,0.2644109999964712,1,baseline,small
case_044,1,2,multiseed,99727,423904,0,0,3.056393200000457,11,critical-4,small
case_044,1,2,vns,98663,333504,0,0,7.859495199998491,32,N6,small
case_044,1,3,baseline,224893,9478592,0,0,0.2946261000033701,1,baseline,small
case_044,1,3,multiseed,100222,396032,0,0,3.670703700001468,13,critical-2,small
case_044,1,3,vns,98644,305920,0,0,8.587301100007608,34,N6,small
case_044,1,4,baseline,254232,9568704,0,0,0.34176439999282593,1,baseline,small
case_044,1,4,multiseed,99727,423904,0,0,4.030546199996024,13,critical-2,small
case_044,1,4,vns,98663,333504,0,0,9.024612999994133,34,N6,small
case_044,1,5,baseline,270020,9647552,0,0,0.4172552000018186,1,baseline,small
case_044,1,5,multiseed,101287,600992,0,0,4.40190679999796,13,critical-2,small
case_044,1,5,vns,99697,510880,0,0,9.779088299997966,34,N6,small
case_044,2,2,baseline,129770,3955712,2974112,0,0.26575900000170805,1,baseline,small
case_044,2,2,multiseed,58375,1176160,0,0,2.543584600003669,11,pipe-32,small
case_044,2,2,vns,56489,1137248,0,0,17.42816429999948,64,N1,small
case_044,2,3,baseline,144494,4684512,2676768,0,0.2481815999999526,1,baseline,small
case_044,2,3,multiseed,63072,2245824,0,0,2.7907291000010446,13,pipe-32,small
case_044,2,3,vns,61990,2182848,0,0,17.880576600000495,64,N1,small
case_044,2,4,baseline,147904,3698528,652160,0,0.24607690000266302,1,baseline,small
case_044,2,4,multiseed,58136,2186016,0,0,2.9604698000039207,13,pipe-32,small
case_044,2,4,vns,54445,1977120,0,0,18.325188800001342,64,N2,small
case_044,2,5,baseline,179927,5574144,1526912,0,0.2817427999980282,1,baseline,small
case_044,2,5,multiseed,67164,2840448,0,0,2.836761899998237,13,pipe-32,small
case_044,2,5,vns,53481,1944160,0,0,18.406532799999695,64,N8,small
case_044,3,2,baseline,91627,3955712,2974112,0.7996068023198664,0.23964459999115206,1,baseline,small
case_044,3,2,multiseed,54550,1176160,0,0.11477972373751874,2.377205899996625,11,pipe-32,small
case_044,3,2,vns,50676,1155680,0,0.26066950973161895,11.551655999996001,44,N2,small
case_044,3,3,baseline,92058,4684512,2676768,0.8155273358869066,0.25527429999783635,1,baseline,small
case_044,3,3,multiseed,49753,3228192,1310048,0.6180321533467306,2.9322840999957407,13,pipe-4,small
case_044,3,3,vns,46862,3048032,1162656,0.6021907237298807,11.246173699997598,49,N4,small
case_044,3,4,baseline,108470,3698528,652160,0.7601271468418593,0.23927679999906104,1,baseline,small
case_044,3,4,multiseed,54376,2186016,0,0.11899942799313591,2.878945399999793,13,pipe-32,small
case_044,3,4,vns,51792,2091296,0,0.1917345698464863,19.173202899997705,64,N1,small
case_044,3,5,baseline,125122,5574144,1526912,0.7668076205608323,0.27554219999728957,1,baseline,small
case_044,3,5,multiseed,56008,2840448,0,0.2249461862002504,3.031852100000833,13,pipe-32,small
case_044,3,5,vns,48337,2486368,0,0.31865474940050337,19.840457599995716,64,N2,small
case_045,1,2,baseline,100949,638976,0,0,0.2759255999990273,1,baseline,small
case_045,1,2,multiseed,65200,0,0,0,4.12083949999942,14,affinity-2,small
case_045,1,2,vns,63525,16384,0,0,10.290757000002486,37,N6,small
case_045,1,3,baseline,80813,901120,0,0,0.28474659999483265,1,baseline,small
case_045,1,3,multiseed,44300,0,0,0,4.417439600001671,14,affinity-2,small
case_045,1,3,vns,44300,0,0,0,10.50216989999899,38,affinity-2,small
case_045,1,4,baseline,36611,0,0,0,0.2689772000085213,1,baseline,small
case_045,1,4,multiseed,36611,0,0,0,4.385373100005381,14,baseline,small
case_045,1,4,vns,36141,16384,0,0,18.308208500006003,64,N2,small
case_045,1,5,baseline,114374,2072576,0,0,0.3659350000016275,1,baseline,small
case_045,1,5,multiseed,31245,0,0,0,4.6180234999992535,12,affinity-4,small
case_045,1,5,vns,29243,73728,0,0,17.253210399998352,64,N6,small
case_045,2,2,baseline,72128,638976,0,0,0.2646193000036874,1,baseline,small
case_045,2,2,multiseed,64655,0,0,0,3.4200843000071472,14,affinity-2,small
case_045,2,2,vns,63287,16384,0,0,8.88915850000194,38,N6,small
case_045,2,3,baseline,55870,901120,0,0,0.31860410000081174,1,baseline,small
case_045,2,3,multiseed,43824,0,0,0,3.450859099997615,14,affinity-2,small
case_045,2,3,vns,43748,16384,0,0,9.064006000000518,40,N6,small
case_045,2,4,baseline,32265,0,0,0,0.2169540999966557,1,baseline,small
case_045,2,4,multiseed,32265,0,0,0,3.443434900000284,14,baseline,small
case_045,2,4,vns,31961,0,0,0,9.042656199999328,38,N2,small
case_045,2,5,baseline,61647,2072576,0,0,0.35031870000238996,1,baseline,small
case_045,2,5,multiseed,26330,0,0,0,3.378950000005716,12,affinity-12,small
case_045,2,5,vns,26330,0,0,0,8.98983230000158,36,affinity-12,small
case_045,3,2,baseline,72128,638976,0,0.07894736842105263,0.2637998999998672,1,baseline,small
case_045,3,2,multiseed,64655,0,0,0.0,3.3903112999978475,14,affinity-2,small
case_045,3,2,vns,63287,16384,0,0.0,8.786452099993767,38,N6,small
case_045,3,3,baseline,55870,901120,0,0.0,0.2300159000005806,1,baseline,small
case_045,3,3,multiseed,43824,0,0,0.0,3.526955799999996,14,affinity-2,small
case_045,3,3,vns,43748,16384,0,0.0,9.4637864000033,40,N6,small
case_045,3,4,baseline,32265,0,0,0.0,0.23001309999381192,1,baseline,small
case_045,3,4,multiseed,32265,0,0,0.0,3.686112099996535,14,baseline,small
case_045,3,4,vns,31961,0,0,0.0,9.460121999996773,38,N2,small
case_045,3,5,baseline,61081,2072576,0,0.1282798833819242,0.3212520000015502,1,baseline,small
case_045,3,5,multiseed,26330,0,0,0.0,3.425492700000177,12,affinity-12,small
case_045,3,5,vns,26330,0,0,0.0,9.025615300000936,36,affinity-12,small
case_046,1,2,baseline,259553,6971552,0,0,0.18881279999186518,1,baseline,small
case_046,1,2,multiseed,158876,6512800,0,0,2.0972645999936503,10,affinity-4,small
case_046,1,2,vns,157682,6545568,0,0,7.059396299991931,35,N6,small
case_046,1,3,baseline,277965,7282848,0,0,0.23400030000630068,1,baseline,small
case_046,1,3,multiseed,149740,6512800,0,0,2.5097687000015867,12,affinity-2,small
case_046,1,3,vns,140310,6013088,430688,0,7.225220600004832,36,N4,small
case_046,1,4,baseline,314606,7708832,0,0,0.28077630000188947,1,baseline,small
case_046,1,4,multiseed,140604,6512800,0,0,2.6390217000007397,12,affinity-2,small
case_046,1,4,vns,140604,6512800,0,0,7.264329899997392,36,affinity-2,small
case_046,1,5,baseline,312160,7782560,0,0,0.26992669999890495,1,baseline,small
case_046,1,5,multiseed,142576,6774944,0,0,3.586090400000103,14,pipe-2,small
case_046,1,5,vns,124057,5658816,646656,0,13.908674999998766,64,N6,small
case_046,2,2,baseline,225169,3195232,1937152,0,0.20438609999837354,1,baseline,small
case_046,2,2,multiseed,112554,930400,0,0,1.6187466999981552,10,pipe-32,small
case_046,2,2,vns,112554,930400,0,0,5.878977100001066,34,pipe-32,small
case_046,2,3,baseline,232377,3462752,1140128,0,0.18370719999074936,1,baseline,small
case_046,2,3,multiseed,94635,3130560,0,0,1.8175571999963722,12,pipe-32,small
case_046,2,3,vns,93895,3062976,0,0,14.386292599992885,64,N2,small
case_046,2,4,baseline,256462,4621344,756992,0,0.19621149999875342,1,baseline,small
case_046,2,4,multiseed,79740,2791200,0,0,1.9789189000002807,12,pipe-32,small
case_046,2,4,vns,79740,2791200,0,0,6.408458300000348,36,pipe-32,small
case_046,2,5,baseline,258753,5515392,552704,0,0.17322939999576192,1,baseline,small
case_046,2,5,multiseed,107468,4277632,911360,0,2.4273985999971046,14,pipe-4,small
case_046,2,5,vns,92654,3738880,708608,0,12.290086499997415,64,N5,small
case_046,3,2,baseline,212362,3195232,1937152,0.5290256964419089,0.15741089999937685,1,baseline,small
case_046,3,2,multiseed,112554,930400,0,0.0,1.5763693999979296,10,pipe-32,small
case_046,3,2,vns,112554,930400,0,0.0,6.221633900000597,34,pipe-32,small
case_046,3,3,baseline,212672,3462752,1140128,0.5352302892003912,0.20262120000552386,1,baseline,small
case_046,3,3,multiseed,89899,3979200,1954560,0.7039018643922792,2.060672700004943,12,pipe-4,small
case_046,3,3,vns,83761,4381504,2299520,0.7665439717740705,10.233376200005296,57,N6,small
case_046,3,4,baseline,237179,4621344,756992,0.48010984304537324,0.22325809999892954,1,baseline,small
case_046,3,4,multiseed,79740,2791200,0,0.0,2.053579500003252,12,pipe-32,small
case_046,3,4,vns,58152,2833184,0,0.6884918629333873,12.119988099999318,64,N2,small
case_046,3,5,baseline,235812,5515392,552704,0.4804793385736092,0.21415339998929994,1,baseline,small
case_046,3,5,multiseed,87187,4277632,911360,0.3529552328908397,2.482934199993906,14,pipe-4,small
case_046,3,5,vns,64720,3987712,902144,0.7541482944607384,11.906393799989019,64,N1,small
case_047,1,2,baseline,340964,919246,0,0,3.010283299998264,1,baseline,large
case_047,1,2,multiseed,326392,160088,0,0,58.67602349999652,13,balanced-2,large
case_047,1,2,vns,323318,196478,0,0,146.6262174999938,26,N6,large
case_047,1,3,baseline,349614,1103308,0,0,3.203574799998023,1,baseline,large
case_047,1,3,multiseed,328274,1328908,0,0,49.6459004999997,13,critical-4,large
case_047,1,3,vns,327779,1205448,0,0,104.68342649999977,26,N4,large
case_047,1,4,baseline,390543,1243132,0,0,3.106990799999039,1,baseline,large
case_047,1,4,multiseed,309268,1651422,0,0,47.68996440000046,13,critical-4,large
case_047,1,4,vns,309058,1647326,0,0,96.10919470000226,26,N6,large
case_047,1,5,baseline,392661,1471502,0,0,3.10675959999935,1,baseline,large
case_047,1,5,multiseed,325204,978882,0,0,45.61589490000188,13,critical-2,large
case_047,1,5,vns,325079,854910,0,0,98.8414311000015,26,N6,large
case_047,2,2,baseline,284857,762150,0,0,4.889359199994942,1,baseline,large
case_047,2,2,multiseed,277030,906758,0,0,62.360017599996354,13,balanced-32,large
case_047,2,2,vns,267843,854150,0,0,128.62045589999616,26,N4,large
case_047,2,3,baseline,276300,1111372,0,0,3.8837298000071314,1,baseline,large
case_047,2,3,multiseed,213625,1653068,0,0,61.15820070000336,13,balanced-32,large
case_047,2,3,vns,212513,1610124,0,0,122.8728179000027,26,N2,large
case_047,2,4,baseline,258030,1416880,0,0,3.892065600004571,1,baseline,large
case_047,2,4,multiseed,225107,2258130,0,0,61.09770690000005,13,balanced-32,large
case_047,2,4,vns,219981,2181904,0,0,120.5203091000003,26,N4,large
case_047,2,5,baseline,236256,1620184,0,0,3.5337577000027522,1,baseline,large
case_047,2,5,multiseed,236256,1620184,0,0,61.18363220000174,13,baseline,large
case_047,2,5,vns,228262,1546456,0,0,111.88461960000132,26,N2,large
case_047,3,2,baseline,284857,762150,0,0.06335500145532162,5.102523099994869,1,baseline,large
case_047,3,2,multiseed,277030,906758,0,0.13579882989220105,66.01015209999605,13,balanced-32,large
case_047,3,2,vns,267843,854150,0,0.13049470875982463,127.63100589999522,26,N4,large
case_047,3,3,baseline,276300,1111372,0,0.16857500917563786,4.302612500010582,1,baseline,large
case_047,3,3,multiseed,213612,1653068,0,0.2309702551513606,60.34383390000585,13,balanced-32,large
case_047,3,3,vns,212500,1610124,0,0.22841786886469292,119.27517090000765,26,N2,large
case_047,3,4,baseline,257917,1416880,0,0.15217023458530957,3.963483300001826,1,baseline,large
case_047,3,4,multiseed,225059,2258130,0,0.3359190276683121,60.403007500004605,13,balanced-32,large
case_047,3,4,vns,219900,2181904,0,0.3254769100872512,120.04710820000037,26,N4,large
case_047,3,5,baseline,236160,1620184,0,0.2406162055750106,3.3763263000000734,1,baseline,large
case_047,3,5,multiseed,236160,1620184,0,0.2406162055750106,60.52731990000029,13,baseline,large
case_047,3,5,vns,228195,1546456,0,0.24005096965361594,112.2615208999996,26,N2,large
case_048,1,2,baseline,250198,517846,0,0,0.3159010000017588,1,baseline,small
case_048,1,2,multiseed,222220,0,0,0,4.649764800000412,14,whole,small
case_048,1,2,vns,222220,0,0,0,6.355840800002625,16,whole,small
case_048,1,3,baseline,213526,755750,0,0,0.3758720000041649,1,baseline,small
case_048,1,3,multiseed,213526,755750,0,0,4.971933400011039,14,baseline,small
case_048,1,3,vns,195620,752804,0,0,22.347159700009797,64,N2,small
case_048,1,4,baseline,232297,1036250,0,0,0.3748314000040409,1,baseline,small
case_048,1,4,multiseed,209925,1058960,0,0,5.126450800002203,14,affinity-12,small
case_048,1,4,vns,195717,1104288,0,0,25.948535100003937,64,N5,small
case_048,1,5,baseline,240925,1254908,0,0,0.46100809999916237,1,baseline,small
case_048,1,5,multiseed,217774,1656138,0,0,5.586911799997324,14,critical-12,small
case_048,1,5,vns,216840,1628490,0,0,14.309092299998156,32,N6,small
case_048,2,2,baseline,192447,468550,0,0,0.3375134999951115,1,baseline,small
case_048,2,2,multiseed,192447,468550,0,0,4.154663799992704,14,baseline,small
case_048,2,2,vns,187709,463302,0,0,11.994395099995018,38,N6,small
case_048,2,3,baseline,162835,827660,0,0,0.36772880000353325,1,baseline,small
case_048,2,3,multiseed,162835,827660,0,0,4.305328499998723,14,baseline,small
case_048,2,3,vns,162835,827660,0,0,12.62685120000242,38,baseline,small
case_048,2,4,baseline,170735,1161170,0,0,0.35195170000224607,1,baseline,small
case_048,2,4,multiseed,170735,1161170,0,0,4.36299549999967,14,baseline,small
case_048,2,4,vns,158240,947026,0,0,22.14708039999823,64,N5,small
case_048,2,5,baseline,152689,1411992,0,0,0.3735082999992301,1,baseline,small
case_048,2,5,multiseed,152689,1411992,0,0,4.328686499997275,14,baseline,small
case_048,2,5,vns,148358,1165910,0,0,23.02561820000119,64,N8,small
case_048,3,2,baseline,192447,468550,0,0.006443530176013858,0.3474592999991728,1,baseline,small
case_048,3,2,multiseed,192447,468550,0,0.006443530176013858,4.138060500001302,14,baseline,small
case_048,3,2,vns,187709,463302,0,0.009635004806648681,12.1942740999948,38,N6,small
case_048,3,3,baseline,162835,827660,0,0.21919937281223567,0.31643739999708487,1,baseline,small
case_048,3,3,multiseed,162835,827660,0,0.21919937281223567,4.331012599999667,14,baseline,small
case_048,3,3,vns,162835,827660,0,0.21919937281223567,13.040302499997779,38,baseline,small
case_048,3,4,baseline,170595,1161170,0,0.2289786369988342,0.3763305999964359,1,baseline,small
case_048,3,4,multiseed,170595,1161170,0,0.2289786369988342,4.389370400000189,14,baseline,small
case_048,3,4,vns,158134,947026,0,0.20554413548126296,23.495943099995202,64,N5,small
case_048,3,5,baseline,152653,1411992,0,0.2781112928250933,0.4010578000015812,1,baseline,small
case_048,3,5,multiseed,152653,1411992,0,0.2781112928250933,4.578268299999763,14,baseline,small
case_048,3,5,vns,148331,1165910,0,0.2411226309035782,24.172913599999447,64,N8,small
case_049,1,2,baseline,220242,1078706,0,0,0.7954449999961071,1,baseline,medium
case_049,1,2,multiseed,174609,573420,0,0,14.178720399999293,14,affinity-4,medium
case_049,1,2,vns,173464,519016,0,0,36.868537799993646,40,N6,medium
case_049,1,3,baseline,221751,1497638,0,0,0.8880439999993541,1,baseline,medium
case_049,1,3,multiseed,179602,1592314,0,0,14.070076199997857,14,affinity-12,medium
case_049,1,3,vns,176154,1561688,0,0,36.81059400000231,40,N8,medium
case_049,1,4,baseline,243163,1733390,0,0,0.903727799995977,1,baseline,medium
case_049,1,4,multiseed,168397,735742,0,0,14.671235599991633,14,balanced-4,medium
case_049,1,4,vns,159057,690812,0,0,34.93396839999332,40,N7,medium
case_049,1,5,baseline,228370,1981410,0,0,0.9761856999975862,1,baseline,medium
case_049,1,5,multiseed,160167,556536,0,0,14.892326799999864,14,affinity-2,medium
case_049,1,5,vns,153443,535350,0,0,37.93820670000423,40,N6,medium
case_049,2,2,baseline,151915,723474,0,0,0.904824400000507,1,baseline,medium
case_049,2,2,multiseed,151915,723474,0,0,11.52178790000471,14,baseline,medium
case_049,2,2,vns,145441,614802,0,0,34.1575781000065,40,N6,medium
case_049,2,3,baseline,141286,1184684,0,0,0.9494457000037073,1,baseline,medium
case_049,2,3,multiseed,141286,1184684,0,0,11.635220100004517,14,baseline,medium
case_049,2,3,vns,135614,957994,0,0,34.720800600000075,40,N7,medium
case_049,2,4,baseline,158504,1492776,0,0,0.8764195999974618,1,baseline,medium
case_049,2,4,multiseed,113805,799774,0,0,11.132733799997368,14,balanced-4,medium
case_049,2,4,vns,111102,662268,0,0,32.110458799994376,40,N6,medium
case_049,2,5,baseline,165154,1793710,0,0,0.9207117999976617,1,baseline,medium
case_049,2,5,multiseed,125591,1054912,0,0,11.673797399998875,14,balanced-4,medium
case_049,2,5,vns,116698,766966,0,0,32.5831984999968,40,N8,medium
case_049,3,2,baseline,151915,723474,0,0.021739130434782608,0.9025763000026927,1,baseline,medium
case_049,3,2,multiseed,151915,723474,0,0.021739130434782608,12.143791100003,14,baseline,medium
case_049,3,2,vns,145441,614802,0,0.024276349139523496,36.077882900004624,40,N6,medium
case_049,3,3,baseline,141251,1184684,0,0.10506573591772236,0.9161603000029572,1,baseline,medium
case_049,3,3,multiseed,141251,1184684,0,0.10506573591772236,11.92585610000242,14,baseline,medium
case_049,3,3,vns,135556,957994,0,0.10446863497533088,36.0078061000022,40,N7,medium
case_049,3,4,baseline,158435,1492776,0,0.16103027833637826,1.0120493000067654,1,baseline,medium
case_049,3,4,multiseed,113792,799774,0,0.13206198536139066,12.180510100006359,14,balanced-4,medium
case_049,3,4,vns,111088,662268,0,0.12087781488842898,32.94006800000352,40,N6,medium
case_049,3,5,baseline,165037,1793710,0,0.1605446283284717,0.9302535000024363,1,baseline,medium
case_049,3,5,multiseed,125538,1054912,0,0.19446171630746056,11.863049200001115,14,balanced-4,medium
case_049,3,5,vns,116645,766966,0,0.1477414681381064,33.46416930000123,40,N8,medium
case_050,1,2,baseline,163349,777348,0,0,0.8712680999960867,1,baseline,medium
case_050,1,2,multiseed,115714,168816,0,0,16.50020609999774,14,affinity-2,medium
case_050,1,2,vns,115083,119532,0,0,48.35091829999874,37,N4,medium
case_050,1,3,baseline,172536,1150944,0,0,0.9159718000009889,1,baseline,medium
case_050,1,3,multiseed,90180,2161010,0,0,16.290661799997906,14,pipe-32,medium
case_050,1,3,vns,88457,2160944,0,0,51.42753229999653,40,N7,medium
case_050,1,4,baseline,178483,1364372,0,0,1.0492193999962183,1,baseline,medium
case_050,1,4,multiseed,88233,2277098,0,0,16.787490799993975,14,pipe-32,medium
case_050,1,4,vns,87338,2265402,0,0,53.70117499999469,40,N7,medium
case_050,1,5,baseline,210741,1876658,0,0,1.0681383999981335,1,baseline,medium
case_050,1,5,multiseed,111182,671772,0,0,17.10311389999697,14,affinity-4,medium
case_050,1,5,vns,101375,658360,0,0,42.77920720000111,40,N7,medium
case_050,2,2,baseline,119065,486810,0,0,1.118073400000867,1,baseline,medium
case_050,2,2,multiseed,109054,179014,0,0,13.713083700000425,14,affinity-12,medium
case_050,2,2,vns,100839,205766,0,0,39.75852230000601,40,N7,medium
case_050,2,3,baseline,104994,939704,0,0,1.0214927999913925,1,baseline,medium
case_050,2,3,multiseed,70574,985354,0,0,13.266308199992636,14,pipe-32,medium
case_050,2,3,vns,68372,896938,0,0,41.63777759999357,40,N7,medium
case_050,2,4,baseline,106443,1137358,0,0,0.9955651999989641,1,baseline,medium
case_050,2,4,multiseed,62926,717254,0,0,13.30768160000298,14,pipe-32,medium
case_050,2,4,vns,62740,660822,0,0,40.0462148000006,40,N7,medium
case_050,2,5,baseline,127680,1815240,0,0,1.0507856999975047,1,baseline,medium
case_050,2,5,multiseed,91503,604768,0,0,13.763117299997248,14,pipe-4,medium
case_050,2,5,vns,79033,480256,0,0,38.207062399997085,40,N7,medium
case_050,3,2,baseline,119059,486810,0,0.08019965473241762,1.0366782000055537,1,baseline,medium
case_050,3,2,multiseed,108946,179014,0,0.048663252204046756,13.781579000002239,14,affinity-12,medium
case_050,3,2,vns,100795,205766,0,0.057508707514918954,39.54155850000825,40,N7,medium
case_050,3,3,baseline,104907,939704,0,0.08642101510161239,1.0294877000051201,1,baseline,medium
case_050,3,3,multiseed,70569,985354,0,0.24012164167098654,13.950670500002161,14,pipe-32,medium
case_050,3,3,vns,68366,896938,0,0.2417760686650139,40.61224290000246,40,N7,medium
case_050,3,4,baseline,106117,1137358,0,0.2397517083094257,0.9393333999978495,1,baseline,medium
case_050,3,4,multiseed,62835,717254,0,0.29872267788441215,12.427321599992865,14,pipe-32,medium
case_050,3,4,vns,62692,660822,0,0.2707965844615471,37.43938149999303,40,N7,medium
case_050,3,5,baseline,127532,1815240,0,0.2580589612894338,1.0432749999963562,1,baseline,medium
case_050,3,5,multiseed,91491,604768,0,0.2693541053437672,12.825413799997477,14,pipe-4,medium
case_050,3,5,vns,79011,480256,0,0.21927649818724676,35.514949099997466,40,N7,medium
case_051,1,2,baseline,646701,9044784,0,0,0.27764109999407083,1,baseline,small
case_051,1,2,multiseed,478038,9045242,0,0,3.1823128999967594,14,balanced-32,small
case_051,1,2,vns,475589,9045242,0,0,14.747370399993088,50,N4,small
case_051,1,3,baseline,664657,9045250,0,0,0.26862839999375865,1,baseline,small
case_051,1,3,multiseed,411160,9045302,0,0,3.3148842999944463,14,balanced-32,small
case_051,1,3,vns,392181,9045294,0,0,20.545969799997692,64,N8,small
case_051,1,4,baseline,580646,9045162,0,0,0.28459720000682864,1,baseline,small
case_051,1,4,multiseed,423376,9045388,0,0,3.5605013000022154,14,balanced-32,small
case_051,1,4,vns,391584,9045390,0,0,22.412871800006542,64,N2,small
case_051,1,5,baseline,489376,9045242,0,0,0.3329440000015893,1,baseline,small
case_051,1,5,multiseed,387495,9045668,0,0,4.177629500001785,14,balanced-32,small
case_051,1,5,vns,359404,9176738,0,0,28.972016400002758,64,N4,small
case_051,2,2,baseline,623209,393984,0,0,0.23521320000145352,1,baseline,small
case_051,2,2,multiseed,419375,394060,0,0,2.669905700000527,14,balanced-32,small
case_051,2,2,vns,412219,393956,0,0,15.159527600000729,64,N5,small
case_051,2,3,baseline,501664,787516,0,0,0.22504989999288227,1,baseline,small
case_051,2,3,multiseed,328714,656356,0,0,2.5974442999940948,14,balanced-32,small
case_051,2,3,vns,312911,721816,0,0,15.462737299996661,64,N8,small
case_051,2,4,baseline,462305,1180852,0,0,0.232179399994493,1,baseline,small
case_051,2,4,multiseed,317994,1180876,0,0,2.9034704999940004,14,balanced-32,small
case_051,2,4,vns,279790,1246236,0,0,17.00321889999759,64,N1,small
case_051,2,5,baseline,423854,1574184,0,0,0.2758829000085825,1,baseline,small
case_051,2,5,multiseed,222195,1574188,0,0,3.115342100005364,14,balanced-32,small
case_051,2,5,vns,212109,1705216,0,0,18.945639600002323,64,N2,small
case_051,3,2,baseline,622794,393984,0,0.4997559785261103,0.22754949999944074,1,baseline,small
case_051,3,2,multiseed,419375,394060,0,0.4997318435186197,2.933027700004459,14,balanced-32,small
case_051,3,2,vns,407973,393956,0,0.49976487095864014,16.328614000005473,64,N8,small
case_051,3,3,baseline,501663,787516,0,0.5275370914852693,0.21174700000119628,1,baseline,small
case_051,3,3,multiseed,327883,656356,0,0.6247471579697905,2.9238516000041272,14,balanced-32,small
case_051,3,3,vns,313900,721828,0,0.6468295623994014,17.100567800000135,64,N2,small
case_051,3,4,baseline,461885,1180852,0,0.7497410176006345,0.2760261000075843,1,baseline,small
case_051,3,4,multiseed,316749,1180876,0,0.7497658054322971,3.22456370000873,14,balanced-32,small
case_051,3,4,vns,279601,1246236,0,0.7345093073035156,17.851487500003714,64,N1,small
case_051,3,5,baseline,422194,1574184,0,0.783093850737769,0.29331680000177585,1,baseline,small
case_051,3,5,multiseed,221056,1574188,0,0.7998008889828966,3.18023489999905,14,balanced-32,small
case_051,3,5,vns,211201,1705220,0,0.7740129452067601,19.44483400000172,64,N4,small
case_052,1,2,baseline,127719,1210556,0,0,0.21301360000506975,1,baseline,small
case_052,1,2,multiseed,95599,73728,0,0,3.411709300002258,14,affinity-2,small
case_052,1,2,vns,91604,73728,0,0,9.594627800004673,38,N4,small
case_052,1,3,baseline,106210,1667268,0,0,0.2774384999938775,1,baseline,small
case_052,1,3,multiseed,71788,285696,0,0,3.82009759999346,14,affinity-4,small
case_052,1,3,vns,65184,331776,0,0,10.426632799993968,40,N8,small
case_052,1,4,baseline,129481,2106340,0,0,0.3009585000036168,1,baseline,small
case_052,1,4,multiseed,52322,525312,0,0,4.021539800007304,14,pipe-4,small
case_052,1,4,vns,52322,525312,0,0,9.606431200008956,38,pipe-4,small
case_052,1,5,baseline,95048,2200268,0,0,0.34486240000114776,1,baseline,small
case_052,1,5,multiseed,42762,668168,0,0,4.157173600004171,14,affinity-4,small
case_052,1,5,vns,40690,624396,0,0,15.133845300006215,59,N6,small
case_052,2,2,baseline,98865,528492,0,0,0.21529290000034962,1,baseline,small
case_052,2,2,multiseed,84882,435772,0,0,2.4310552000024472,14,pipe-32,small
case_052,2,2,vns,84881,419380,0,0,8.138835100005963,41,N1,small
case_052,2,3,baseline,80406,899720,0,0,0.19839669999782927,1,baseline,small
case_052,2,3,multiseed,60000,863016,0,0,2.351341699999466,14,pipe-32,small
case_052,2,3,vns,58693,687906,0,0,13.260978799997247,64,N2,small
case_052,2,4,baseline,78324,1432536,0,0,0.23306759999104543,1,baseline,small
case_052,2,4,multiseed,49715,221184,0,0,2.6622092999896267,14,affinity-4,small
case_052,2,4,vns,46434,198144,0,0,11.679783599989605,64,N2,small
case_052,2,5,baseline,60432,1650352,0,0,0.20607359999848995,1,baseline,small
case_052,2,5,multiseed,38940,342528,0,0,2.687561300001107,14,affinity-12,small
case_052,2,5,vns,38023,353800,0,0,12.571957000000111,64,N1,small
case_052,3,2,baseline,98865,528492,0,0.07433843418220015,0.2023516000044765,1,baseline,small
case_052,3,2,multiseed,84645,435772,0,0.1319981908638625,2.5482816000076127,14,pipe-32,small
case_052,3,2,vns,84645,419380,0,0.11894093536752877,8.360664500003622,41,N1,small
case_052,3,3,baseline,80201,899720,0,0.1349123638086215,0.2048927000068943,1,baseline,small
case_052,3,3,multiseed,60000,863016,0,0.17687198697211898,2.556252400005178,14,pipe-32,small
case_052,3,3,vns,58693,687906,0,0.1728729510078516,14.392633200004639,64,N2,small
case_052,3,4,baseline,77807,1432536,0,0.19773118558524563,0.22355019999668002,1,baseline,small
case_052,3,4,multiseed,45988,1556408,0,0.15555228757052292,2.5941092999928514,14,pipe-32,small
case_052,3,4,vns,44422,1391546,0,0.17216977469529932,15.629287699994165,64,N4,small
case_052,3,5,baseline,59268,1650352,0,0.2012220192119537,0.27338179999787826,1,baseline,small
case_052,3,5,multiseed,38940,342528,0,0.24919674819687163,2.6922431999992114,14,affinity-12,small
case_052,3,5,vns,37989,378392,0,0.2768858542986611,13.186279800000193,64,N5,small
case_053,1,2,baseline,954481,11869304,0,0,3.053160500006925,1,baseline,large
case_053,1,2,multiseed,843941,6668588,4291488,0,62.8242445000069,13,pipe-2,large
case_053,1,2,vns,777095,6347020,4924800,0,165.80261370000517,26,N4,large
case_053,1,3,baseline,1063132,12693318,0,0,2.9976591000013286,1,baseline,large
case_053,1,3,multiseed,610255,7133772,3814656,0,58.546800600001006,13,pipe-2,large
case_053,1,3,vns,529453,6896886,3814656,0,158.70786950000183,26,N4,large
case_053,1,4,baseline,885862,13215228,0,0,2.764005000004545,1,baseline,large
case_053,1,4,multiseed,536264,7522914,3814656,0,48.71910590000334,13,pipe-2,large
case_053,1,4,vns,517400,7340460,3814656,0,135.03820780000387,26,N4,large
case_053,1,5,baseline,783360,13570708,0,0,2.704901699995389,1,baseline,large
case_053,1,5,multiseed,507054,8713208,2860992,0,46.872076699997706,13,pipe-2,large
case_053,1,5,vns,501996,8472194,2860992,0,124.87649539999984,26,N4,large
case_053,2,2,baseline,953929,6740334,4768320,0,3.6003912999949534,1,baseline,large
case_053,2,2,multiseed,824381,6676310,5466592,0,50.7206428999998,13,pipe-2,large
case_053,2,2,vns,764147,6691798,5426784,0,97.65516009999556,26,N4,large
case_053,2,3,baseline,917192,8039618,4144512,0,3.3668390000020736,1,baseline,large
case_053,2,3,multiseed,605888,6679398,4315312,0,49.7100070000015,13,pipe-2,large
case_053,2,3,vns,517826,6261728,5251552,0,94.00665260000096,26,N4,large
case_053,2,4,baseline,779910,8964584,3556480,0,3.2603023999981815,1,baseline,large
case_053,2,4,multiseed,512309,7504796,4751184,0,47.25380259999656,13,pipe-2,large
case_053,2,4,vns,494335,6764378,5227872,0,87.40356069999689,26,N5,large
case_053,2,5,baseline,565632,8692092,2958048,0,3.055166599995573,1,baseline,large
case_053,2,5,multiseed,497099,8026402,4365472,0,46.919149800000014,13,pipe-2,large
case_053,2,5,vns,495071,7321740,4861888,0,88.06762819999858,26,N1,large
case_053,3,2,baseline,925725,6740334,4768320,0.596734463689546,3.9719186999936937,1,baseline,large
case_053,3,2,multiseed,795661,6676310,5466592,0.5177990067377345,50.05777569999918,13,pipe-2,large
case_053,3,2,vns,732130,6110320,5100144,0.5136571884065839,94.72497479999583,26,N4,large
case_053,3,3,baseline,884993,8039618,4144512,0.5211732744917544,3.2046297999986564,1,baseline,large
case_053,3,3,multiseed,591614,6679398,4315312,0.39634429656105585,46.27387159999489,13,pipe-2,large
case_053,3,3,vns,495053,6261728,5251552,0.5001404930793218,87.23263120000047,26,N2,large
case_053,3,4,baseline,767942,8964584,3556480,0.5297033048686576,2.9585509000025922,1,baseline,large
case_053,3,4,multiseed,511915,7504796,4751184,0.40421484822844994,44.94827980000264,13,pipe-2,large
case_053,3,4,vns,494180,6764378,5227872,0.4797327967588735,85.6310553000003,26,N5,large
case_053,3,5,baseline,557613,8692092,2958048,0.5312500538238059,2.8771327000067686,1,baseline,large
case_053,3,5,multiseed,496156,8026402,4365472,0.4617867198207924,45.3210423000055,13,pipe-2,large
case_053,3,5,vns,493441,7218412,4861888,0.49284897787974286,87.37033140000858,26,N5,large
case_054,1,2,baseline,689740,2012934,0,0,4.339754200002062,1,baseline,large
case_054,1,2,multiseed,521976,997924,0,0,88.79115290000482,13,affinity-4,large
case_054,1,2,vns,521150,862270,0,0,183.96332950000215,26,N4,large
case_054,1,3,baseline,649158,2547360,0,0,4.047750800003996,1,baseline,large
case_054,1,3,multiseed,532405,2853420,0,0,75.69913840000663,13,affinity-12,large
case_054,1,3,vns,532090,2803848,0,0,131.6332171000031,26,N4,large
case_054,1,4,baseline,648485,3473230,0,0,3.889118999999482,1,baseline,large
case_054,1,4,multiseed,522048,997924,0,0,68.90170970000327,13,affinity-2,large
case_054,1,4,vns,521150,862270,0,0,159.54355519999808,26,N4,large
case_054,1,5,baseline,898874,5008476,0,0,4.1589714999936405,1,baseline,large
case_054,1,5,multiseed,537637,1245202,0,0,63.26981909999449,13,affinity-2,large
case_054,1,5,vns,536292,1098668,0,0,142.96221679999144,26,N4,large
case_054,2,2,baseline,606414,1261598,0,0,5.560907699997188,1,baseline,large
case_054,2,2,multiseed,510272,49152,0,0,84.0131177000003,13,affinity-4,large
case_054,2,2,vns,510272,49152,0,0,175.7386847000016,26,affinity-4,large
case_054,2,3,baseline,542027,1912808,0,0,5.0593416999981855,1,baseline,large
case_054,2,3,multiseed,464874,3833380,0,0,80.55597860000125,13,balanced-32,large
case_054,2,3,vns,455974,3647684,0,0,154.39762019999762,26,N4,large
case_054,2,4,baseline,464808,2992362,0,0,5.05045770000288,1,baseline,large
case_054,2,4,multiseed,455474,5686632,0,0,78.15577360000316,13,balanced-32,large
case_054,2,4,vns,449274,5452072,0,0,145.93559010000172,26,N5,large
case_054,2,5,baseline,596076,4268014,0,0,4.950935399996524,1,baseline,large
case_054,2,5,multiseed,453929,6399946,0,0,77.33006519999617,13,balanced-32,large
case_054,2,5,vns,429642,6280522,0,0,142.98765139999887,26,N5,large
case_054,3,2,baseline,606414,1261598,0,0.046092557201902015,5.546406199995545,1,baseline,large
case_054,3,2,multiseed,510272,49152,0,0.0,81.03528709999227,13,affinity-4,large
case_054,3,2,vns,510272,49152,0,0.0,173.25856859999476,26,affinity-4,large
case_054,3,3,baseline,542027,1912808,0,0.10284015151515151,4.762815299996873,1,baseline,large
case_054,3,3,multiseed,464520,3833380,0,0.09168682918381653,77.17721120000351,13,balanced-32,large
case_054,3,3,vns,455814,3647684,0,0.09066643291984652,152.86517099999764,26,N4,large
case_054,3,4,baseline,464634,2992362,0,0.10091321675764062,4.682668200002809,1,baseline,large
case_054,3,4,multiseed,454829,5686632,0,0.13549354128045646,78.0904933999991,13,balanced-32,large
case_054,3,4,vns,448797,5452072,0,0.1319516845994102,151.2749576999995,26,N5,large
case_054,3,5,baseline,595518,4268014,0,0.13436680375652346,4.871854099998018,1,baseline,large
case_054,3,5,multiseed,452988,6399946,0,0.19916039535550448,78.59721189999982,13,balanced-32,large
case_054,3,5,vns,428791,6280522,0,0.19679465749233616,149.5457475000003,26,N5,large
case_055,1,2,baseline,130254,1106326,0,0,0.23725670000567334,1,baseline,small
case_055,1,2,multiseed,60767,57856,0,0,3.584107300004689,14,pipe-2,small
case_055,1,2,vns,60247,57856,0,0,8.902490700005728,37,N4,small
case_055,1,3,baseline,138563,1465152,0,0,0.27158590000180993,1,baseline,small
case_055,1,3,multiseed,42524,242728,0,0,3.690486999999848,14,pipe-4,small
case_055,1,3,vns,41563,226344,0,0,14.463307799996983,64,N2,small
case_055,1,4,baseline,83683,1427304,0,0,0.2789989999946556,1,baseline,small
case_055,1,4,multiseed,36858,371780,0,0,3.774556299998949,14,affinity-4,small
case_055,1,4,vns,35391,179736,0,0,14.965218599994841,64,N4,small
case_055,1,5,baseline,137633,1845200,0,0,0.2717308999999659,1,baseline,small
case_055,1,5,multiseed,30227,143884,0,0,3.9827942999982042,14,pipe-2,small
case_055,1,5,vns,29274,143884,0,0,12.459356999999727,47,N2,small
case_055,2,2,baseline,91588,700758,0,0,0.23228090000338852,1,baseline,small
case_055,2,2,multiseed,59924,0,0,0,2.6264817000046605,14,pipe-2,small
case_055,2,2,vns,57154,61980,0,0,7.038590399999521,38,N6,small
case_055,2,3,baseline,76938,1166030,0,0,0.22367669999948703,1,baseline,small
case_055,2,3,multiseed,37931,135692,0,0,2.7102011000024504,14,pipe-4,small
case_055,2,3,vns,34331,90624,0,0,8.19141849999869,44,N1,small
case_055,2,4,baseline,60708,1145696,0,0,0.2239789999948698,1,baseline,small
case_055,2,4,multiseed,35918,61952,0,0,2.705784699996002,14,affinity-4,small
case_055,2,4,vns,32026,109080,0,0,12.120521899996675,64,N2,small
case_055,2,5,baseline,75940,1582054,0,0,0.27046120000159135,1,baseline,small
case_055,2,5,multiseed,27169,286264,0,0,2.7201382999992347,14,pipe-4,small
case_055,2,5,vns,21522,152604,0,0,12.697688200001721,64,N7,small
case_055,3,2,baseline,91395,700758,0,0.26374039270613014,0.21317610000551213,1,baseline,small
case_055,3,2,multiseed,59924,0,0,0.0,2.591939000005368,14,pipe-2,small
case_055,3,2,vns,57154,61980,0,0.08438616706290748,6.976743400002306,38,N6,small
case_055,3,3,baseline,75994,1166030,0,0.32316419800709834,0.23886390000552638,1,baseline,small
case_055,3,3,multiseed,37931,135692,0,0.148318626600275,2.7454629999992903,14,pipe-4,small
case_055,3,3,vns,34331,90624,0,0.11573951868804583,8.206955300003756,44,N1,small
case_055,3,4,baseline,58698,1145696,0,0.33854367735841306,0.20527820001007058,1,baseline,small
case_055,3,4,multiseed,35499,16384,0,0.012758614245042642,2.7610711000088486,14,affinity-2,small
case_055,3,4,vns,34150,115216,0,0.12368365023993187,11.681242200007546,64,N6,small
case_055,3,5,baseline,73538,1582054,0,0.3975992631802678,0.2960040999969351,1,baseline,small
case_055,3,5,multiseed,27169,286264,0,0.26592240938338524,2.9326401999933296,14,pipe-4,small
case_055,3,5,vns,21522,234548,0,0.23047774652449465,13.358301899999788,64,N1,small
case_056,1,2,baseline,299538,1226818,0,0,1.452429500001017,1,baseline,medium
case_056,1,2,multiseed,240223,2692276,0,0,32.29613870000321,14,pipe-32,medium
case_056,1,2,vns,230090,2658608,0,0,80.56615469999815,40,N7,medium
case_056,1,3,baseline,307881,1688454,0,0,1.4907643999977154,1,baseline,medium
case_056,1,3,multiseed,277285,0,0,0,30.675076200001058,14,whole,medium
case_056,1,3,vns,277285,0,0,0,54.305805700001656,17,whole,medium
case_056,1,4,baseline,323399,2356558,0,0,1.6269075999953202,1,baseline,medium
case_056,1,4,multiseed,269772,1242686,0,0,32.14573849999579,14,affinity-4,medium
case_056,1,4,vns,268578,1174232,0,0,77.27501589999883,40,N6,medium
case_056,1,5,baseline,356816,2494246,0,0,1.8223372000065865,1,baseline,medium
case_056,1,5,multiseed,202105,3917990,0,0,32.786133000008704,14,pipe-32,medium
case_056,1,5,vns,200587,3919524,0,0,100.08786830000463,40,N8,medium
case_056,2,2,baseline,204636,800606,0,0,1.9684545999989496,1,baseline,medium
case_056,2,2,multiseed,202642,788218,0,0,27.73625099999481,14,pipe-32,medium
case_056,2,2,vns,190015,679994,0,0,80.72746049999841,40,N7,medium
case_056,2,3,baseline,189011,1349480,0,0,1.7760498999996344,1,baseline,medium
case_056,2,3,multiseed,189011,1349480,0,0,26.028429899997718,14,baseline,medium
case_056,2,3,vns,181961,1352776,0,0,72.14498819999426,40,N6,medium
case_056,2,4,baseline,202268,2057108,0,0,1.76254899999185,1,baseline,medium
case_056,2,4,multiseed,202268,2057108,0,0,25.47732129999349,14,baseline,medium
case_056,2,4,vns,196471,1836178,0,0,72.25296639999578,40,N7,medium
case_056,2,5,baseline,189057,2356730,0,0,1.7534268999952474,1,baseline,medium
case_056,2,5,multiseed,159392,1820034,0,0,26.539550299996336,14,pipe-32,medium
case_056,2,5,vns,154422,1788802,0,0,79.16233479999937,40,N7,medium
case_056,3,2,baseline,204630,800606,0,0.022848385414679435,2.1720280000081402,1,baseline,medium
case_056,3,2,multiseed,202636,788218,0,0.15148494338568894,29.756418900004064,14,pipe-32,medium
case_056,3,2,vns,190009,679994,0,0.16257366583443225,88.68985310000426,40,N7,medium
case_056,3,3,baseline,188665,1349480,0,0.11327290243475215,1.9797445999938645,1,baseline,medium
case_056,3,3,multiseed,188665,1349480,0,0.11327290243475215,29.135039399996458,14,baseline,medium
case_056,3,3,vns,181905,1352776,0,0.11033937126271987,79.84196429999429,40,N6,medium
case_056,3,4,baseline,201862,2057108,0,0.1780797571582482,1.8660337999972398,1,baseline,medium
case_056,3,4,multiseed,201862,2057108,0,0.1780797571582482,27.49941679999756,14,baseline,medium
case_056,3,4,vns,196172,1836178,0,0.1716249628775269,76.64808159999666,40,N7,medium
case_056,3,5,baseline,188659,2356730,0,0.2256989578664276,1.8887747999979183,1,baseline,medium
case_056,3,5,multiseed,159131,1820034,0,0.3791477736877441,27.83268069999758,14,pipe-32,medium
case_056,3,5,vns,154348,1788802,0,0.3668666436396927,81.4756258999987,40,N7,medium
case_057,1,2,baseline,70818,901364,0,0,0.17880679999507265,1,baseline,small
case_057,1,2,multiseed,33220,122416,0,0,2.4503966999909608,14,affinity-4,small
case_057,1,2,vns,32654,34304,20480,0,10.211396499995317,64,N4,small
case_057,1,3,baseline,62997,964904,0,0,0.1697076999989804,1,baseline,small
case_057,1,3,multiseed,20982,171576,0,0,3.0200298999989172,14,pipe-4,small
case_057,1,3,vns,20786,171580,0,0,11.209982200001832,63,N6,small
case_057,1,4,baseline,77284,1144452,0,0,0.26104750000376953,1,baseline,small
case_057,1,4,multiseed,18839,259712,0,0,3.4986873000016203,14,pipe-4,small
case_057,1,4,vns,18602,259712,0,0,9.17518050000217,47,N2,small
case_057,1,5,baseline,88373,1246292,0,0,0.30018980000022566,1,baseline,small
case_057,1,5,multiseed,27797,431812,0,0,3.462258899999142,14,affinity-4,small
case_057,1,5,vns,24565,304772,0,0,12.547431500002858,64,N4,small
case_057,2,2,baseline,52339,587662,0,0,0.16706719999638153,1,baseline,small
case_057,2,2,multiseed,29306,436134,0,0,2.029438099998515,14,pipe-32,small
case_057,2,2,vns,28834,329606,0,0,10.871492299993406,64,N2,small
case_057,2,3,baseline,39018,722170,0,0,0.17105550000269432,1,baseline,small
case_057,2,3,multiseed,20145,24064,0,0,2.1552135000019916,14,pipe-4,small
case_057,2,3,vns,20132,24064,0,0,6.758564800002205,47,N2,small
case_057,2,4,baseline,48883,1032860,0,0,0.22632380000140984,1,baseline,small
case_057,2,4,multiseed,16522,48658,0,0,2.262610899997526,14,pipe-4,small
case_057,2,4,vns,16447,50706,0,0,6.613507299996854,44,N1,small
case_057,2,5,baseline,61018,1019680,0,0,0.23047889999725157,1,baseline,small
case_057,2,5,multiseed,16529,606948,0,0,2.292228199999954,14,pipe-32,small
case_057,2,5,vns,14978,484042,0,0,12.058915000001434,64,N7,small
case_057,3,2,baseline,52336,587662,0,0.31566711051930757,0.15901759999542264,1,baseline,small
case_057,3,2,multiseed,29306,436134,0,0.2944547134935305,2.0547707000005175,14,pipe-32,small
case_057,3,2,vns,28698,280446,0,0.2623573317085378,10.94241659999534,64,N2,small
case_057,3,3,baseline,38229,722170,0,0.39336180053535336,0.16535580000345362,1,baseline,small
case_057,3,3,multiseed,20145,24064,0,0.04451474663166515,2.0129577000043355,14,pipe-4,small
case_057,3,3,vns,20132,24064,0,0.04451474663166515,6.487156400005915,47,N2,small
case_057,3,4,baseline,47413,1032860,0,0.3977532090321372,0.20327439999527996,1,baseline,small
case_057,3,4,multiseed,16522,48658,0,0.08555454772096774,2.1293079999959446,14,pipe-4,small
case_057,3,4,vns,16447,50706,0,0.0853228238156955,6.402192399997148,44,N1,small
case_057,3,5,baseline,59764,1019680,0,0.47135495768172414,0.20335360000171931,1,baseline,small
case_057,3,5,multiseed,14263,606948,0,0.4495924423181736,2.293093799999042,14,pipe-32,small
case_057,3,5,vns,13967,495844,0,0.4357472227203023,12.837551199998416,64,N7,small
case_058,1,2,baseline,2230995,37036032,0,0,7.116676399993594,1,baseline,large
case_058,1,2,multiseed,2230995,37036032,0,0,187.1346421999915,7,baseline,large
case_058,1,2,vns,2230995,37036032,0,0,304.40566929999477,23,baseline,large
case_058,1,3,baseline,1508216,41631744,0,0,8.290115499999956,1,baseline,large
case_058,1,3,multiseed,1508216,41631744,0,0,197.11211869999534,7,baseline,large
case_058,1,3,vns,1507201,41361408,0,0,303.61765139999625,19,N4,large
case_058,1,4,baseline,1247533,41631744,0,0,5.805458900002122,1,baseline,large
case_058,1,4,multiseed,1242065,31711232,14409728,0,165.64214830000128,7,affinity-2,large
case_058,1,4,vns,1238915,31711232,14409728,0,313.29965930000617,12,N1,large
case_058,1,5,baseline,1089578,48390144,0,0,8.15221219999512,1,baseline,large
case_058,1,5,multiseed,1027150,32079872,11264000,0,176.81459699999687,7,affinity-2,large
case_058,1,5,vns,1016707,32079872,11264000,0,322.82155679999414,13,N1,large
case_058,2,2,baseline,2270091,28286976,21663744,0,8.387640600005398,1,baseline,large
case_058,2,2,multiseed,2270091,28286976,21663744,0,105.63674210000318,11,baseline,large
case_058,2,2,vns,2257752,28512256,22159360,0,232.75719230000686,26,N5,large
case_058,2,3,baseline,1537102,34193408,20946944,0,7.349592299993674,1,baseline,large
case_058,2,3,multiseed,1518262,31502336,20959232,0,95.29869449999387,11,pipe-32,large
case_058,2,3,vns,1500577,31592448,20914176,0,204.72173219999968,26,N5,large
case_058,2,4,baseline,1243269,38113280,22839296,0,6.172115499997744,1,baseline,large
case_058,2,4,multiseed,1133593,42242048,24653824,0,76.29761449999933,11,pipe-32,large
case_058,2,4,vns,1130511,42266624,24506368,0,177.96961480000027,26,N5,large
case_058,2,5,baseline,1050888,43970560,21938176,0,6.315266399993561,1,baseline,large
case_058,2,5,multiseed,940996,34263040,17637376,0,72.17786719999276,11,affinity-12,large
case_058,2,5,vns,940996,34263040,17637376,0,165.58396659999562,26,affinity-12,large
case_058,3,2,baseline,2270091,28286976,21663744,0.0,8.471120900001551,1,baseline,large
case_058,3,2,multiseed,2266324,29777920,26669056,0.35636322718577695,105.60558360000141,11,balanced-2,large
case_058,3,2,vns,2266013,30064640,26808320,0.35429018905917886,221.85258930000418,26,N5,large
case_058,3,3,baseline,1534174,34193408,20946944,0.3203211239337682,7.479640099998505,1,baseline,large
case_058,3,3,multiseed,1514188,31502336,20959232,0.32917920068758055,94.23771909999778,11,pipe-32,large
case_058,3,3,vns,1495353,31690752,20742144,0.2727175539875989,200.48597249999875,26,N5,large
case_058,3,4,baseline,1234118,38113280,22839296,0.07379600805713239,6.3303190000006,1,baseline,large
case_058,3,4,multiseed,1126133,42242048,24653824,0.5781462585034014,78.28974079999898,11,pipe-32,large
case_058,3,4,vns,1123930,41975808,24420352,0.5785378366823429,178.50843280000117,26,N4,large
case_058,3,5,baseline,965018,43970560,21938176,0.22320272020725387,6.3521952999944915,1,baseline,large
case_058,3,5,multiseed,930527,34263040,17637376,0.33099579242636745,74.77821029999905,11,affinity-12,large
case_058,3,5,vns,920331,33681408,17731584,0.30802845528455286,172.14424669999426,26,N5,large
case_059,1,2,baseline,377148,6127616,0,0,0.6909530000048107,1,baseline,medium
case_059,1,2,multiseed,370884,5046272,0,0,8.88142340000195,12,affinity-4,medium
case_059,1,2,vns,370884,5046272,0,0,26.65048580000439,35,affinity-4,medium
case_059,1,3,baseline,381714,6909952,0,0,0.7911332000003313,1,baseline,medium
case_059,1,3,multiseed,264281,8798208,0,0,12.403926599996339,12,affinity-12,medium
case_059,1,3,vns,257760,8646656,0,0,37.706862200000614,40,N6,medium
case_059,1,4,baseline,198236,7569408,0,0,0.717300799995428,1,baseline,medium
case_059,1,4,multiseed,186084,5046272,0,0,9.691084499994759,12,affinity-2,medium
case_059,1,4,vns,186084,5046272,0,0,27.847336299993913,36,affinity-2,medium
case_059,1,5,baseline,163124,7569408,0,0,0.7547411999985343,1,baseline,medium
case_059,1,5,multiseed,163124,7569408,0,0,12.373204199997417,12,baseline,medium
case_059,1,5,vns,161567,7524352,0,0,31.95806989999255,36,N4,medium
case_059,2,2,baseline,369318,360448,0,0,0.517497299995739,1,baseline,medium
case_059,2,2,multiseed,369318,360448,0,0,4.676480299996911,12,baseline,medium
case_059,2,2,vns,369318,360448,0,0,16.806220899998152,36,baseline,medium
case_059,2,3,baseline,256268,2797568,462848,0,0.6060010000001057,1,baseline,medium
case_059,2,3,multiseed,255765,1822720,65536,0,7.297437000001082,12,affinity-12,medium
case_059,2,3,vns,252305,1822720,81920,0,23.344787499998347,40,N8,medium
case_059,2,4,baseline,185216,1081344,0,0,0.5089371000067331,1,baseline,medium
case_059,2,4,multiseed,185216,1081344,0,0,5.926996100002725,12,baseline,medium
case_059,2,4,vns,185216,1081344,0,0,18.678436100002727,36,baseline,medium
case_059,2,5,baseline,150782,4325376,0,0,0.6577200999963679,1,baseline,medium
case_059,2,5,multiseed,150782,2072576,0,0,7.996623099992576,12,affinity-12,medium
case_059,2,5,vns,150598,2007040,0,0,23.03370279999217,40,N5,medium
case_059,3,2,baseline,369318,360448,0,0.0,0.5496416999958456,1,baseline,medium
case_059,3,2,multiseed,369318,360448,0,0.0,5.569791699999769,12,baseline,medium
case_059,3,2,vns,369318,360448,0,0.0,18.320224999995844,36,baseline,medium
case_059,3,3,baseline,255773,2797568,462848,0.646328293736501,0.6075213999938569,1,baseline,medium
case_059,3,3,multiseed,255349,1822720,65536,0.5966149506346967,8.06836199999816,12,affinity-12,medium
case_059,3,3,vns,251809,1822720,81920,0.5926449787835927,25.18015100000048,40,N8,medium
case_059,3,4,baseline,185216,1081344,0,0.0,0.5254182000062428,1,baseline,medium
case_059,3,4,multiseed,185216,1081344,0,0.0,6.200254600000335,12,baseline,medium
case_059,3,4,vns,185216,1081344,0,0.0,19.740100300004997,36,baseline,medium
case_059,3,5,baseline,150736,4325376,0,0.7378787878787879,0.6419381000087014,1,baseline,medium
case_059,3,5,multiseed,150736,2072576,0,0.5441558441558442,8.281764200008183,12,affinity-12,medium
case_059,3,5,vns,150667,1968128,0,0.6180228648285138,23.26358650000475,40,N6,medium
case_060,1,2,baseline,879855,10414292,0,0,1.6798423000000184,1,baseline,medium
case_060,1,2,multiseed,446542,3737612,327692,0,38.44111219999468,14,affinity-4,medium
case_060,1,2,vns,442450,3436556,548876,0,89.6411076000004,38,N4,medium
case_060,1,3,baseline,874766,11151580,0,0,1.5072480000017094,1,baseline,medium
case_060,1,3,multiseed,297886,3340312,606232,0,38.94717530000344,14,affinity-2,medium
case_060,1,3,vns,297886,3340312,606232,0,112.73893560000579,38,affinity-2,medium
case_060,1,4,baseline,528934,12679664,0,0,1.7247444999957224,1,baseline,medium
case_060,1,4,multiseed,232669,3737612,327692,0,40.02949969999463,14,pipe-2,medium
case_060,1,4,vns,227506,3737616,327692,0,109.44438349999837,40,N6,medium
case_060,1,5,baseline,269851,9705784,0,0,2.050300500006415,1,baseline,medium
case_060,1,5,multiseed,190732,6529024,237568,0,45.75293590000365,14,pipe-4,medium
case_060,1,5,vns,187535,6707204,237568,0,114.90550750000693,40,N6,medium
case_060,2,2,baseline,778793,5560476,172032,0,1.6938389000060852,1,baseline,medium
case_060,2,2,multiseed,452229,2169896,1463336,0,20.90388320000784,14,affinity-2,medium
case_060,2,2,vns,443206,2108456,1463336,0,47.990692400002445,36,N1,medium
case_060,2,3,baseline,758622,6793432,79872,0,1.573410299999523,1,baseline,medium
case_060,2,3,multiseed,292388,3853384,431104,0,19.8758491999979,14,pipe-32,medium
case_060,2,3,vns,291567,3728456,398336,0,58.99253679999674,40,N7,medium
case_060,2,4,baseline,332497,8722916,0,0,1.6285855999958585,1,baseline,medium
case_060,2,4,multiseed,233982,2288652,599052,0,20.064033499998914,14,affinity-2,medium
case_060,2,4,vns,227462,2288656,599052,0,49.222990199996275,40,N6,medium
case_060,2,5,baseline,212327,4600112,98304,0,1.4966112000038265,1,baseline,medium
case_060,2,5,multiseed,184221,5792118,0,0,20.927974300000642,14,pipe-32,medium
case_060,2,5,vns,181958,5732726,0,0,62.034118800002034,40,N6,medium
case_060,3,2,baseline,777779,5560476,172032,0.18664540172831873,1.750719300005585,1,baseline,medium
case_060,3,2,multiseed,451401,2890956,521232,0.3556810345587168,21.312631100001454,14,balanced-32,medium
case_060,3,2,vns,450476,2687184,512016,0.3644200835484128,61.96582380000473,40,N6,medium
case_060,3,3,baseline,757589,6793432,79872,0.32939197328353936,1.7241417999975965,1,baseline,medium
case_060,3,3,multiseed,292084,3853384,431104,0.34417699686852365,19.970407499997236,14,pipe-32,medium
case_060,3,3,vns,290977,3728456,398336,0.3343050530656416,57.970401399994444,40,N7,medium
case_060,3,4,baseline,329526,8722916,0,0.3398721925399389,1.6355557000060799,1,baseline,medium
case_060,3,4,multiseed,230977,2288652,599052,0.3699342704770553,20.148852800004533,14,affinity-2,medium
case_060,3,4,vns,227398,2242576,552972,0.40546786028872484,48.13639020000119,40,N6,medium
case_060,3,5,baseline,197880,4600112,98304,0.5341247539965691,1.449011500000779,1,baseline,medium
case_060,3,5,multiseed,176575,5792118,0,0.33495122870227734,19.899450699995214,14,pipe-32,medium
case_060,3,5,vns,175251,5714294,0,0.33691257411691183,57.81422929999826,40,N8,medium
case_061,1,2,baseline,80544,510400,0,0,0.23482180000428343,1,baseline,small
case_061,1,2,multiseed,48096,34560,0,0,3.6980276000031154,14,affinity-2,small
case_061,1,2,vns,45334,25344,0,0,9.832751000009011,37,N4,small
case_061,1,3,baseline,72628,809952,0,0,0.3034717999980785,1,baseline,small
case_061,1,3,multiseed,34302,147980,0,0,3.9399936999980127,14,pipe-4,small
case_061,1,3,vns,33986,172560,0,0,14.63183079999726,64,N6,small
case_061,1,4,baseline,94094,955096,0,0,0.2603702000051271,1,baseline,small
case_061,1,4,multiseed,26341,236172,0,0,4.0527115000004414,14,pipe-4,small
case_061,1,4,vns,26121,236172,0,0,10.995151100003568,44,N1,small
case_061,1,5,baseline,117604,1155170,0,0,0.3002924999964307,1,baseline,small
case_061,1,5,multiseed,23566,277788,0,0,4.216123300000618,14,pipe-4,small
case_061,1,5,vns,22525,277792,0,0,16.98034319999715,64,N2,small
case_061,2,2,baseline,55547,205196,0,0,0.23892399999749614,1,baseline,small
case_061,2,2,multiseed,41593,34560,0,0,2.6895447999995667,14,affinity-2,small
case_061,2,2,vns,41593,34560,0,0,6.172581999999238,34,affinity-2,small
case_061,2,3,baseline,52701,510868,0,0,0.22371320000092965,1,baseline,small
case_061,2,3,multiseed,32527,62988,0,0,2.5041647999969427,14,pipe-4,small
case_061,2,3,vns,28490,29456,0,0,10.447157000002335,59,N6,small
case_061,2,4,baseline,48009,682396,0,0,0.2120100999964052,1,baseline,small
case_061,2,4,multiseed,22544,140300,0,0,2.5475538999962737,14,pipe-4,small
case_061,2,4,vns,22219,156688,0,0,11.882617899995239,64,N6,small
case_061,2,5,baseline,67672,913754,0,0,0.22201889999996638,1,baseline,small
case_061,2,5,multiseed,19061,99852,0,0,2.603583300005994,14,pipe-2,small
case_061,2,5,vns,18275,80140,0,0,11.593760900002962,64,N2,small
case_061,3,2,baseline,55454,205196,0,0.027698549853482607,0.19742029999906663,1,baseline,small
case_061,3,2,multiseed,41593,34560,0,0.026547020719120077,2.4239653999975417,14,affinity-2,small
case_061,3,2,vns,41593,34560,0,0.026547020719120077,5.747069500001089,34,affinity-2,small
case_061,3,3,baseline,52379,510868,0,0.08199163673789595,0.1912430000011227,1,baseline,small
case_061,3,3,multiseed,32527,62988,0,0.0843571197954979,2.527045900002122,14,pipe-4,small
case_061,3,3,vns,28490,29456,0,0.04435142343149539,11.013184700001148,59,N6,small
case_061,3,4,baseline,47427,682396,0,0.11003136451480046,0.22804940000060014,1,baseline,small
case_061,3,4,multiseed,22544,140300,0,0.11768563836796989,2.5131460999982664,14,pipe-4,small
case_061,3,4,vns,22219,156688,0,0.12301842749625494,12.57833550000214,64,N6,small
case_061,3,5,baseline,66544,913754,0,0.17511563518804713,0.24375409999629483,1,baseline,small
case_061,3,5,multiseed,18919,99852,0,0.09088432059546668,2.8728362999972887,14,pipe-2,small
case_061,3,5,vns,18176,80140,0,0.08154575320749032,13.205431299997144,64,N2,small
case_062,1,2,baseline,1526151,6635520,0,0,10.064876199998253,1,baseline,large
case_062,1,2,multiseed,1526151,6635520,0,0,151.25539639999624,7,baseline,large
case_062,1,2,vns,1525115,6635520,0,0,307.9207890999969,23,N4,large
case_062,1,3,baseline,1096017,9581568,0,0,9.061374799995974,1,baseline,large
case_062,1,3,multiseed,1096017,9581568,0,0,142.60342020000098,8,baseline,large
case_062,1,3,vns,1042967,9581568,0,0,305.0044749000008,25,N5,large
case_062,1,4,baseline,843536,8346624,0,0,7.422404500000994,1,baseline,large
case_062,1,4,multiseed,843536,8346624,0,0,150.8434219999981,9,baseline,large
case_062,1,4,vns,817374,8346624,0,0,296.51692940000066,26,N5,large
case_062,1,5,baseline,712424,10180608,0,0,7.612184800003888,1,baseline,large
case_062,1,5,multiseed,712424,10180608,0,0,145.28013870000723,9,baseline,large
case_062,1,5,vns,698055,10180608,0,0,291.83714650000184,26,N5,large
case_062,2,2,baseline,1517850,6377472,3059712,0,11.335873500000162,1,baseline,large
case_062,2,2,multiseed,1517850,6377472,3059712,0,137.14260330000252,10,baseline,large
case_062,2,2,vns,1517850,6377472,3059712,0,302.03340749999916,24,baseline,large
case_062,2,3,baseline,1085168,9083904,1729536,0,9.930558299995027,1,baseline,large
case_062,2,3,multiseed,1077119,10619904,2457600,0,140.7462080999976,12,balanced-32,large
case_062,2,3,vns,1064140,10361856,2168832,0,290.5135252999971,26,N5,large
case_062,2,4,baseline,832071,7830528,1253376,0,8.978673999998136,1,baseline,large
case_062,2,4,multiseed,811802,6377472,1400832,0,142.2898623000001,13,balanced-4,large
case_062,2,4,vns,811802,6377472,1400832,0,253.25292259999696,26,balanced-4,large
case_062,2,5,baseline,667947,9664512,774144,0,8.250543299996934,1,baseline,large
case_062,2,5,multiseed,656678,6420480,1078272,0,135.48588970000128,13,balanced-4,large
case_062,2,5,vns,656678,6420480,1078272,0,238.94463030000043,26,balanced-4,large
case_062,3,2,baseline,1517850,6377472,3059712,0.0,11.596147600001132,1,baseline,large
case_062,3,2,multiseed,1517850,6377472,3059712,0.0,147.25913729999593,10,baseline,large
case_062,3,2,vns,1517850,6377472,3059712,0.0,310.73607600000105,25,baseline,large
case_062,3,3,baseline,1085168,9083904,1729536,0.0,11.008544999996957,1,baseline,large
case_062,3,3,multiseed,1077119,10619904,2457600,0.0,135.90629239999544,10,balanced-32,large
case_062,3,3,vns,1064140,10361856,2168832,0.0,299.419321399997,26,N5,large
case_062,3,4,baseline,832071,7830528,1253376,0.0,9.009411899998668,1,baseline,large
case_062,3,4,multiseed,811802,6377472,1400832,0.0,143.15288729999884,12,balanced-4,large
case_062,3,4,vns,811802,6377472,1400832,0.0,261.9564270999981,26,balanced-4,large
case_062,3,5,baseline,667947,9664512,774144,0.0,8.516695900005288,1,baseline,large
case_062,3,5,multiseed,656678,6420480,1078272,0.0,136.8570466000092,12,balanced-4,large
case_062,3,5,vns,656678,6420480,1078272,0.0,247.00020960000984,26,balanced-4,large
case_063,1,2,baseline,576221,2488320,0,0,2.0923089000061736,1,baseline,medium
case_063,1,2,multiseed,572255,2488320,0,0,55.77518270001019,14,balanced-4,medium
case_063,1,2,vns,571183,2488320,0,0,139.55239980000624,40,N6,medium
case_063,1,3,baseline,415809,3621888,0,0,1.9586547999933828,1,baseline,medium
case_063,1,3,multiseed,396207,2485248,0,0,51.2528464999923,14,balanced-4,medium
case_063,1,3,vns,396175,2485248,0,0,119.3570258999971,40,N6,medium
case_063,1,4,baseline,312882,3173376,0,0,2.2270413000005647,1,baseline,medium
case_063,1,4,multiseed,312882,3173376,0,0,53.61173389999749,14,baseline,medium
case_063,1,4,vns,306436,3173376,0,0,109.02465569999913,40,N1,medium
case_063,1,5,baseline,262942,3486720,0,0,2.192541700002039,1,baseline,medium
case_063,1,5,multiseed,249520,3256320,0,0,53.728938899999775,14,balanced-4,medium
case_063,1,5,vns,247588,3259392,0,0,117.1399231999967,40,N6,medium
case_063,2,2,baseline,567952,2236416,992256,0,2.653305400002864,1,baseline,medium
case_063,2,2,multiseed,567894,2233344,989184,0,38.660013600005186,14,balanced-4,medium
case_063,2,2,vns,565481,2856960,949248,0,100.81766240000434,40,N6,medium
case_063,2,3,baseline,405756,3268608,516096,0,2.2555059000005713,1,baseline,medium
case_063,2,3,multiseed,392777,2227200,568320,0,36.65151939999487,14,balanced-4,medium
case_063,2,3,vns,388538,2792448,414720,0,92.59651689999737,40,N6,medium
case_063,2,4,baseline,299745,2657280,82944,0,2.0003218999918317,1,baseline,medium
case_063,2,4,multiseed,299745,2657280,82944,0,33.61410889999388,14,baseline,medium
case_063,2,4,vns,296780,2664960,153600,0,86.40412039999501,40,N5,medium
case_063,2,5,baseline,244919,3118080,113664,0,2.0141705999994883,1,baseline,medium
case_063,2,5,multiseed,244919,3118080,113664,0,32.8526692000014,14,baseline,medium
case_063,2,5,vns,238249,3081216,76800,0,84.43898679999984,40,N2,medium
case_063,3,2,baseline,567952,2236416,992256,0.0,2.5653704999931506,1,baseline,medium
case_063,3,2,multiseed,567894,2233344,989184,0.0,38.43214859999716,14,balanced-4,medium
case_063,3,2,vns,565481,2856960,949248,0.0,104.58137099999294,40,N6,medium
case_063,3,3,baseline,405756,3268608,516096,0.0,2.403426800003217,1,baseline,medium
case_063,3,3,multiseed,392777,2227200,568320,0.0,38.07871409999643,14,balanced-4,medium
case_063,3,3,vns,388538,2792448,414720,0.0,98.1267968999964,40,N6,medium
case_063,3,4,baseline,299745,2657280,82944,0.0,2.2362006999974255,1,baseline,medium
case_063,3,4,multiseed,299745,2657280,82944,0.0,36.249440100000356,14,baseline,medium
case_063,3,4,vns,296780,2664960,153600,0.0,95.27036270000099,40,N5,medium
case_063,3,5,baseline,244919,3118080,113664,0.0,2.148169300002337,1,baseline,medium
case_063,3,5,multiseed,244919,3118080,113664,0.0,35.94237019999855,14,baseline,medium
case_063,3,5,vns,238249,3081216,76800,0.0,93.17991800000163,40,N2,medium
case_064,1,2,baseline,47127,186946,0,0,0.21216880000429228,1,baseline,small
case_064,1,2,multiseed,19116,0,0,0,2.251645800002734,14,whole,small
case_064,1,2,vns,19116,0,0,0,2.906471900001634,16,whole,small
case_064,1,3,baseline,53367,198132,0,0,0.17222960000071907,1,baseline,small
case_064,1,3,multiseed,19116,0,0,0,2.338082599999325,14,whole,small
case_064,1,3,vns,19116,0,0,0,3.102188999997452,17,whole,small
case_064,1,4,baseline,59726,225070,0,0,0.19278959999064682,1,baseline,small
case_064,1,4,multiseed,19080,127276,0,0,2.7741773999950965,14,affinity-4,small
case_064,1,4,vns,17673,120260,0,0,11.38544429999456,64,N4,small
case_064,1,5,baseline,62798,258464,0,0,0.26429289999214234,1,baseline,small
case_064,1,5,multiseed,19116,0,0,0,3.071013299995684,14,whole,small
case_064,1,5,vns,19116,0,0,0,4.046864499992807,19,whole,small
case_064,2,2,baseline,26071,131910,0,0,0.1659746000004816,1,baseline,small
case_064,2,2,multiseed,17005,28420,0,0,1.7307065999993938,14,affinity-12,small
case_064,2,2,vns,15256,39174,0,0,8.867258599995694,64,N8,small
case_064,2,3,baseline,32628,184906,0,0,0.15987940000195522,1,baseline,small
case_064,2,3,multiseed,13243,66316,0,0,1.7223230999952648,14,affinity-12,small
case_064,2,3,vns,12434,73612,0,0,9.266240099997958,64,N5,small
case_064,2,4,baseline,33831,213042,0,0,0.19007759999658447,1,baseline,small
case_064,2,4,multiseed,14045,49960,0,0,1.827877499999886,14,affinity-12,small
case_064,2,4,vns,13860,53672,0,0,9.50313499999902,64,N4,small
case_064,2,5,baseline,32804,265014,0,0,0.19652640000276733,1,baseline,small
case_064,2,5,multiseed,12880,59438,0,0,2.0387856000015745,14,affinity-12,small
case_064,2,5,vns,12698,64110,0,0,10.082350900003803,64,N4,small
case_064,3,2,baseline,26071,131910,0,0.11188148258299566,0.14067169999907492,1,baseline,small
case_064,3,2,multiseed,17005,28420,0,0.08845755495032415,1.7812553999974625,14,affinity-12,small
case_064,3,2,vns,15256,39174,0,0.1301564722617354,9.18339289999858,64,N8,small
case_064,3,3,baseline,32628,184906,0,0.2547609400324149,0.19316410000465112,1,baseline,small
case_064,3,3,multiseed,13243,66316,0,0.24017082610436408,1.978835000001709,14,affinity-12,small
case_064,3,3,vns,12434,73612,0,0.2518027185246602,9.964514200000849,64,N5,small
case_064,3,4,baseline,33806,213042,0,0.20892037786774628,0.2115674999949988,1,baseline,small
case_064,3,4,multiseed,14045,49960,0,0.2302527528274298,2.1387380000014673,14,affinity-12,small
case_064,3,4,vns,13976,53672,0,0.2240483173146723,10.154965699999593,64,N4,small
case_064,3,5,baseline,32774,265014,0,0.299707112035236,0.23272089999954915,1,baseline,small
case_064,3,5,multiseed,12855,59438,0,0.2844374342797056,2.0787905999968643,14,affinity-12,small
case_064,3,5,vns,12674,64110,0,0.2892296145392162,9.772198499995284,64,N4,small
case_065,1,2,baseline,58622,483596,0,0,0.1594667000026675,1,baseline,small
case_065,1,2,multiseed,27590,27648,0,0,2.0528899999990244,14,pipe-2,small
case_065,1,2,vns,27068,13824,0,0,4.834833900000376,37,N4,small
case_065,1,3,baseline,49642,643518,0,0,0.18101020000176504,1,baseline,small
case_065,1,3,multiseed,18884,41472,0,0,2.0877040999985184,14,affinity-2,small
case_065,1,3,vns,18884,41472,0,0,5.098736499996448,38,affinity-2,small
case_065,1,4,baseline,51513,635220,0,0,0.15342280000186292,1,baseline,small
case_065,1,4,multiseed,16002,55296,0,0,2.20354860000225,14,pipe-2,small
case_065,1,4,vns,15208,55296,0,0,5.432740800002648,38,N2,small
case_065,1,5,baseline,60424,782344,0,0,0.1858323999986169,1,baseline,small
case_065,1,5,multiseed,14437,263356,0,0,2.3618617999964044,14,pipe-4,small
case_065,1,5,vns,13800,263364,0,0,8.775831899998593,59,N6,small
case_065,2,2,baseline,31005,294628,0,0,0.15367150000383845,1,baseline,small
case_065,2,2,multiseed,24673,190144,0,0,1.4963563000055728,14,pipe-32,small
case_065,2,2,vns,21893,101008,0,0,7.3064191000084975,62,N8,small
case_065,2,3,baseline,30624,473500,0,0,0.1344902999990154,1,baseline,small
case_065,2,3,multiseed,17284,440550,0,0,1.4612399999969057,14,pipe-32,small
case_065,2,3,vns,16407,292020,0,0,8.175663299996813,64,N1,small
case_065,2,4,baseline,28365,512860,0,0,0.13260540000192123,1,baseline,small
case_065,2,4,multiseed,14907,27648,0,0,1.5007823999985703,14,pipe-2,small
case_065,2,4,vns,12794,50688,0,0,5.894375399999262,56,N6,small
case_065,2,5,baseline,35398,690200,0,0,0.15440259999741102,1,baseline,small
case_065,2,5,multiseed,12899,173232,0,0,1.5242835999961244,14,pipe-4,small
case_065,2,5,vns,10864,168112,0,0,6.779734499999904,59,N6,small
case_065,3,2,baseline,30905,294628,0,0.06566712100560351,0.12224999999307329,1,baseline,small
case_065,3,2,multiseed,24532,190144,0,0.1209776064348778,1.5070223999937298,14,pipe-32,small
case_065,3,2,vns,21893,101008,0,0.039103267563996326,7.606335899996338,62,N8,small
case_065,3,3,baseline,30547,473500,0,0.18104173165339807,0.14308259999233996,1,baseline,small
case_065,3,3,multiseed,16870,440550,0,0.20366871059677003,1.4689576999953715,14,pipe-32,small
case_065,3,3,vns,15450,214200,0,0.1472305464217075,8.557790099992417,64,N8,small
case_065,3,4,baseline,28186,512860,0,0.21028545057734277,0.14073669999925187,1,baseline,small
case_065,3,4,multiseed,14907,27648,0,0.08445541409056474,1.6148423999984516,14,pipe-2,small
case_065,3,4,vns,12794,50688,0,0.11993059572006941,6.179950099998678,56,N6,small
case_065,3,5,baseline,34711,690200,0,0.22385338783639444,0.15493609999975888,1,baseline,small
case_065,3,5,multiseed,12002,351434,0,0.14972660582592281,1.6793558999997913,14,pipe-32,small
case_065,3,5,vns,10835,282314,0,0.15975368210375082,9.045136300002923,64,N2,small
case_066,1,2,baseline,330429,1556800,0,0,1.1765717000016593,1,baseline,medium
case_066,1,2,multiseed,228638,1310874,0,0,25.09193320000486,14,affinity-4,medium
case_066,1,2,vns,227234,1187796,0,0,69.2339381999991,40,N6,medium
case_066,1,3,baseline,320002,2210032,0,0,1.107023600001412,1,baseline,medium
case_066,1,3,multiseed,240327,3844138,0,0,24.615263500003493,14,pipe-32,medium
case_066,1,3,vns,230699,3811240,0,0,64.6790347999995,40,N7,medium
case_066,1,4,baseline,377466,2622300,0,0,1.2878874000089127,1,baseline,medium
case_066,1,4,multiseed,228638,1310874,0,0,24.49514010000712,14,affinity-2,medium
case_066,1,4,vns,227131,1225624,0,0,74.04898330001015,40,N8,medium
case_066,1,5,baseline,388787,2987622,0,0,1.3021031000098446,1,baseline,medium
case_066,1,5,multiseed,244418,3844138,0,0,23.955255900007614,14,pipe-32,medium
case_066,1,5,vns,238920,3814312,0,0,69.12044020000758,40,N7,medium
case_066,2,2,baseline,254669,943512,0,0,1.3402728000073694,1,baseline,medium
case_066,2,2,multiseed,223478,124372,0,0,19.232277900002373,14,affinity-4,medium
case_066,2,2,vns,215568,350420,0,0,54.861353100001,40,N8,medium
case_066,2,3,baseline,258964,1965338,0,0,1.3593321000080323,1,baseline,medium
case_066,2,3,multiseed,201950,1778822,0,0,18.49030780000612,14,pipe-32,medium
case_066,2,3,vns,195074,1684424,0,0,57.283085600007325,40,N8,medium
case_066,2,4,baseline,252052,2471266,0,0,1.2839328000045498,1,baseline,medium
case_066,2,4,multiseed,189877,1627152,0,0,18.854757300003257,14,pipe-32,medium
case_066,2,4,vns,177712,1520402,0,0,60.50053380000463,40,N7,medium
case_066,2,5,baseline,248590,3122698,0,0,1.5284417000002577,1,baseline,medium
case_066,2,5,multiseed,190999,2355254,0,0,19.095577600004617,14,pipe-32,medium
case_066,2,5,vns,187245,2279686,0,0,57.56199120000383,40,N8,medium
case_066,3,2,baseline,254615,943512,0,0.13587741259080446,1.4406662999972468,1,baseline,medium
case_066,3,2,multiseed,223478,124372,0,0.0013687470643494598,19.521411100002297,14,affinity-4,medium
case_066,3,2,vns,215515,297044,0,0.08622766578111163,55.86583799999789,40,N6,medium
case_066,3,3,baseline,258815,1965338,0,0.2771450487183702,1.4152926000024308,1,baseline,medium
case_066,3,3,multiseed,201471,1778822,0,0.32957382339017066,18.705943499997375,14,pipe-32,medium
case_066,3,3,vns,194694,1684424,0,0.3242034016030798,58.99489490000269,40,N8,medium
case_066,3,4,baseline,251502,2471266,0,0.29597431882143427,1.4283272999964538,1,baseline,medium
case_066,3,4,multiseed,189204,1627152,0,0.3053482718732136,17.75740329999826,14,pipe-32,medium
case_066,3,4,vns,181136,1443856,0,0.2675981958471607,55.37058750000142,40,N7,medium
case_066,3,5,baseline,247803,3122698,0,0.31645821007294256,1.4790378999969107,1,baseline,medium
case_066,3,5,multiseed,190359,2355254,0,0.3625822646050703,17.039350999999442,14,pipe-32,medium
case_066,3,5,vns,186295,2267142,0,0.3607527785151433,52.593704799997795,40,N8,medium
