case,ops,eligible_ops,tensors,edges,critical_path,depth,width,components,pipe_M,pipe_V,communication_compute_ratio,max_fan_in,max_fan_out,sha256,load_seconds
case_001,1001,600,1202,2402,1316,2,200,200,232800,30400,6.224924012158055,1,1,052a49324ad7011853adcbb13f953571501d4f1b3c07a80531a63b607f8628ab,0.0225298000004841
case_002,2197,1798,2595,5392,2976,23,199,1,240000,35928,10.003305210054798,2,1,3d0c27c930876bd38e49ff6dc8c63de93bcceba759225ff948e75d5edb9e4150,0.0356128000003082
case_003,13670,13455,13868,36295,28285,304,325,10,438792,325189,17.01082094973566,2,9,298d89f65a4a3c3f778167699157f67019dd462dd8228253d83258c18af89bc9,0.2602210999993986
case_004,1002,777,1116,2670,2748,5,222,111,385614,47952,10.224270353302611,2,2,e5ec5f45a7f0406f88fccdaa20947cfa71fcfff46604dc0a025887201ddb447c,0.024178800000299816
case_005,4209,4113,4298,11187,6894,137,196,1,63882,60930,38.414767810787424,2,7,c804e2fb1617d6717a475511886ca46b4956ccd84633e1762706072473609917,0.07953189999898314
case_006,851,678,982,1995,2836,21,116,27,18660,69000,30.53153091489847,2,11,5ea889b0b9db14a0406db8857870dda09f726b618758996c7d2741aa16bd4d8e,0.015589599999657366
case_007,4998,3885,5556,13326,1632,5,1110,555,979020,253080,8.994594594594595,2,2,a6c1e6fe03e40916a4ca6ba51b0a5305723c91a8b37fb4e1693aee9fde1379df,0.0807595999995101
case_008,1404,864,1836,3348,4512,7,108,108,250128,237168,28.680851063829788,2,2,dbf747767014caab9ede8edfa2390b45cf79b0754db6aa971c112b4b277e370f,0.023927300000650575
case_009,6058,5671,6376,15754,9965,365,217,25,65160,119992,16.85887270998963,2,6,4780b856dc63e58adfd681f064005559ce0bd1fa94c67dca0dc8025708eceea7,0.11182019999978365
case_010,796,667,889,1899,3146,61,80,36,44610,55496,23.493536850938007,2,13,b9bb8f27defc96dd41243d7cf4daca5792c55998fa66f003808c8c5e5c27456a,0.014851500000077067
case_011,880,688,1056,2448,2120,21,352,16,184448,25536,13.108198719902468,2,1,acb20be91639e5fc0a9e7d21ed348c28268481fb50baf32bfd37227ffaa065f0,0.014329999999972642
case_012,1304,972,1555,3131,2506,18,195,50,35572,32237,14.034154758217936,2,7,d75bb55cff5b2c8c5eb8d70998469a58b0fc0628cef5b091d1e79d49a3087fa3,0.02151899999989837
case_013,3202,1968,4190,8126,400,3,984,246,263712,43296,11.487179487179487,2,1,184e6e3b593a93246f06bc0901c0cbcdac68936ea31807d14acbdfae8cff01be,0.04927069999939704
case_014,38666,35705,40287,108272,31968,123,15921,1340,17225748,1651424,9.198515646305495,2,2,6134f04bbdbc7c18ddbc681bbf7e564272de9c043a36da80e7ec548fbccd0d53,0.8972702000010031
case_015,1290,1013,1501,3107,7913,28,172,46,94980,101497,17.30650406917858,2,11,c8c6e1f22507dc74daf17dd1642200ff93a801c2f6cb96ce6f4f01203fd6d8fc,0.04355710000163526
case_016,18008,17995,18020,43019,655140,2439,12,1,0,7714975,46.63830485516803,2,12,2962112f3a01d5afa55d635159df047f0073374c8528bb91a55cba12616b88b2,0.30893099999957485
case_017,1758,1373,2015,4245,5980,17,233,60,110600,67202,10.689846008481345,2,8,d59dadacc986aca2badfd8db0309259d043c14f3a320f20c467044004d4f7004,0.04187850000016624
case_018,3285,2727,3717,8718,3539,27,1084,126,971320,112731,8.599770674995918,2,2,60fce5e6937b5f4601f17c776c87d68cf8b494b3b70943e455010133f337fb15,0.057870099999490776
case_019,766,647,854,1841,12234,78,57,31,48436,40276,18.36202543060691,2,2,2de5aad076bc34c5213fb5551395e56b29c4d29dd8a635f167685777c095b8f9,0.013364400001592003
case_020,7584,7008,7872,18048,1824,23,576,288,0,532608,62.01586157173756,2,2,a3af67ae6d4a7bb5505a6f7a8d2e363e0eb4ba5e9411ff04efd160b530e9774c,0.12482280000040191
case_021,4450,3920,4900,12820,5544,6,2000,80,6192000,783360,6.764657308009909,2,1,b7cb9d028c4a08ead70a302575f89396b0046cfc506059b702998578551eda9c,0.09083180000016
case_022,1567,1356,1705,3720,1986,35,149,32,4484,54087,34.97727544347885,2,10,07bc718ea35be90e2e9988faa37b15c5d6dd82a4a16aeceb5a122a2a7e4f6a29,0.02737399999932677
case_023,1202,1011,1336,2869,4218,30,96,43,63384,69558,19.427419476162537,2,7,0043ccd4f61bb3eb3475c1396393395847d13b2bbfd9d6e1079695089091035d,0.018823099999281112
case_024,5972,5959,5984,14255,216948,807,12,1,0,2554795,46.638298571901075,2,12,c6e4035374efe4cf9ef261c5ee84230b4393e6c4529d9e76a463dba33b47116c,0.1025324999991426
case_025,23997,18662,26666,63990,1632,5,5332,2666,4702824,1215696,8.994594594594595,2,2,66b1804640584a080becf66021879b0dfd77f15a3a2893adfc080452c2a82e5e,0.5681359000009252
case_026,769,636,871,1849,4319,48,76,31,40992,70768,31.003883321403006,2,10,0c8dd795ba2e83a769426b173c9f36d6e718eaf89321d577d2211a3a2272c39d,0.02823320000061358
case_027,1800,1424,2160,5024,21048,44,720,16,2229120,287232,6.875629482679689,2,1,fffca0a17cb00a811a9fb17f75246f540fbed7f3ee4fc55dfa7079a3d2992aa1,0.03887670000040089
case_028,19944,19584,20151,51822,246816,123,306,153,38974608,1975536,2.703012912482066,2,2,9fd17690cb1d9c2ceff31002e73e28b86c6ace1d1b630aa991c2230c392245a8,0.5851799000010942
case_029,1113,861,1281,2772,407,11,168,21,0,37485,18.38879551820728,2,5,8c59ed128e29abd0acde55f45be88dfc772ad68721e9e3f0dc511f55ecfb8dbd,0.03394320000006701
case_030,11248,10070,11940,30954,1494,11,4472,486,2776480,406822,12.880642804232837,2,1,9b88757a1a36b2f6b51338d127c0fdbafaabc065bd73d3084849d27df182ac49,0.3321469000002253
case_031,6805,6135,7365,18435,13057,135,1659,107,1334492,221025,10.904971144641943,2,9,49fb82b9e857a6abc734b457a6da0223ad959e1055660d4bb6f04ade2c0561a4,0.1958467999993445
case_032,1035,827,1186,2469,1146,29,137,25,10150,33995,21.69369124476158,2,9,1082fc4b2f42f823b5eaec48ec9196d9afb63b27441d8d7eb728ad3ed6eef3c7,0.025911500000802334
case_033,4069,3465,4572,11073,6300,33,1439,95,1728108,192042,9.735116527354634,2,4,a118b1c45c02c3b47dd4569bc54d6da99616b8a846efe11c29bfb6afd4a8e11e,0.14325710000048275
case_034,4545,3745,5144,11907,3677,23,1374,155,749160,194956,13.013104321926543,2,8,ae245ca9e6579a47b24e202e8301849c109f7d6b9dbe669a3b1a87fa9ba646e4,0.11858759999995527
case_035,4237,3857,4538,10712,17200,332,224,16,62192,143909,23.785493520167297,2,14,59263ad432306c55b2509e469bcb614c8648c08d640f1cbe9bde6a8f3ef5648c,0.10375479999856907
case_036,4001,2400,4802,9602,1316,2,800,800,931200,121600,6.224924012158055,1,1,edfe37e76e7650ebf3fb94a2e0a927ded8563a56fd06abd1d9ffd5de21b625e1,0.123212099999364
case_037,980,780,1160,2740,904,5,400,20,209600,28880,13.053337806105334,2,1,90fe171682ff81d967f6afa31db7b2f339fb21dfaecb43d3df1ef4f01ad5a8d5,0.02830050000011397
case_038,6843,5907,7649,18941,8754,35,2594,130,1325000,167776,9.820358848212994,2,2,9bec52071901723f63db51cf96ea1f3606cb155de1622cb9fe4429ee6f5058c1,0.19613829999980226
case_039,5966,5250,6612,17182,784,7,2660,70,1377880,98420,14.371929824561404,2,1,16ea3e612b29de579ae2481ce4c1dd97f38418d40cf783ff2a0f829452293b69,0.17619420000119135
case_040,3381,3083,3647,8621,16120,228,196,28,111972,185751,30.39323800982793,2,14,c1a422a6f65227a6159ac151f8305a6d21d15a84b581cc84edd0cf1090adee4d,0.09265210000012303
case_041,18149,16594,19210,51024,1767,48,7574,494,5895240,607750,9.32451503077815,2,7,2d84f0459eaec4c37a57d727fbfdc1b66ec11e77bef43b80ab4af07018700963,0.6063575000007404
case_042,5345,4733,5853,14855,5685,52,2057,104,1599076,226026,10.603981585686718,2,10,d3451b09bee335264d23fe979f6d7f3a0d25781beb2f4e58d2ab8383d77a2423,0.1651467000010598
case_043,9756,9309,10140,25867,27474,201,547,38,517752,343841,17.296900044452542,2,9,26affd1d9c16f1b870745b973c40d5dbf4d3c0986a1268631b3c3a4aab790739,0.26736949999940407
case_044,1436,1364,1497,3686,7672,123,11,11,74404,9988,15.215849843587069,2,2,6954d1cd170c56e99cc34579b35687f88233334d096d19519fbb8fc58b8c5500,0.03859109999939392
case_045,1787,1651,1855,4253,1824,23,136,68,0,125476,62.02301635372501,2,2,23bef6f304aa5160e91500641dd73f011bb3d73954301dbc663668acec3daaef,0.03825660000075004
case_046,1058,992,1116,2708,28456,123,8,8,209248,18400,16.40933370818105,2,2,c3f1367e4dd98f75dcb7f2f83e2ac2cc9e3cc68ce2443fd09edad6e987b99445,0.033135899999251706
case_047,13988,13710,14259,37206,19990,459,196,1,153760,259370,18.121637257037737,2,7,39535cb6903cbfd26747ab383378cd079cb38a7a31ad1928c7515fb96c438a8e,0.4531774000006408
case_048,1900,1728,2069,4961,75960,368,57,1,139536,120060,9.462210511718208,2,3,6225b3e0121e8a33665e02cf7ceeefa0b85a2df2a6c1c99d01e1e9d19fe365a4,0.057720500000868924
case_049,4465,4303,4609,11684,8921,185,134,11,95464,165715,22.134964909123628,2,8,8cdce5c245e1a87c8d0fbeaccd96456ac29b5977ddd24559289e1e3882844b31,0.13922079999974812
case_050,4781,4555,4969,12462,6829,185,134,23,51968,133411,24.70708116884868,2,8,d4a9ccda5368a6ddc3f6656f9614d58996138a52f74c2d4eff2e26cfd79c3ada,0.14562979999936942
case_051,1429,1416,1441,3398,51552,191,12,1,0,607080,46.63826843249654,2,12,149cc08b82049199a313bf05a997eeed3e87da203a53aedbf68bc66a150bf1b1,0.03702840000005381
case_052,1347,1008,1606,3272,3665,16,218,52,141528,62595,11.87163621933834,2,6,d4ef03581be5bb320fabe842baf72858ee737bc16c4eaf94b58893b86c774444,0.029455400001097587
case_053,12046,11670,12377,31833,56912,240,318,39,1212726,344076,11.697508096726494,2,9,5925a16789ed2b586a28a9b7102c8798e6fd132041ca369c0bd98a7893b145fe,0.312298799999553
case_054,16133,15751,16484,42855,20291,353,324,24,574216,440672,16.49446835512884,2,9,6841632147aa903a67e8cb7eada564614192c035e9c4e294b35aa7d129bab2f8,0.4824650999998994
case_055,1468,1236,1641,3467,6962,27,200,24,61796,69049,17.39959494057855,2,8,5dc0fefb9ca2a99cb0847fdc7a238a5b5d5b8497c548e30fc06a5c328bf0272d,0.047147400000540074
case_056,7936,7678,8157,20894,13737,299,162,19,131016,245953,21.88206457294897,2,9,4bbcef752dca68b8d1c157f013af692a969ea1c8a6ca9b2a8bdd613971b09425,0.249847500001124
case_057,1053,865,1180,2563,8189,100,126,21,14062,47565,20.440423840199912,2,6,c06c9ecad64c4fc56de484b6db5cb06a27dfff154ba93789497134879362b62f,0.037014699999417644
case_058,17886,16575,18942,52347,746,6,8415,255,4358970,310080,14.316985253959585,2,1,2811805bb9a198832889fa9fa84c94b144ace6ad362bf6b5d4f9e778dcaf7351,0.5462662000009004
case_059,3168,2752,3520,9088,2120,21,1408,64,737792,102144,13.108198719902468,2,1,3bf8b2268bb901aa4eebf0decacfb24eb6bed7969fb029c70821b1002a6e4189,0.09710479999921517
case_060,6086,5281,6752,16435,4252,40,1977,89,720232,273539,17.66455249750697,2,10,134deda8c486157f9e8bb0a471f47bda952e8dad4b36e52b27a89d905c4a5655,0.188242000000173
case_061,1450,1115,1709,3505,11506,44,232,40,71456,27572,11.302379125095932,2,6,e2930021e9359f3d25703fbe453018f65ba0b71708332d625162e61b8846dfca,0.033972799999901326
case_062,23999,19636,28361,58906,3120,27,2181,1,2618400,392688,10.016100492579426,2,1,a1a9f2315ce785911f85e2d35bf640e4bd1fbf8ff6398331ccc8613666d0bce2,0.6119757000014943
case_063,8995,7360,10629,22078,3048,25,817,1,981600,147168,10.013947950331689,2,1,0c5f0288599f8dd9796ac019175627adb5507bb02a8b92943ad4fa70212ec4ba,0.2784594999993715
case_064,972,906,1034,2550,3528,122,32,1,7308,15744,16.920353982300885,2,4,87abe8fd67a266cf2194184d971ad2c75216c1d034a3887e28d9cfa06974b232,0.027203899999221903
case_065,914,704,1067,2164,1265,27,98,42,28260,29518,16.229152964796288,2,5,96fa27952b9106fd35b6a63d8248b371c114844f48ebd8cc804b0e75b55a2aef,0.01821380000001227
case_066,6181,5962,6362,16324,32240,153,192,28,269694,170683,15.945973563560313,2,9,19dd21a60bec263170ece567fdd995c346d9b2e970a9836d4a43ff776a669078,0.16104099999938626
case_067,8996,8804,9117,23246,863040,123,71,71,58915232,2360608,1.0820912124582869,2,2,9d337e353a487bf167699c93ee61e103dd7deca2f94b1b6ed7ea1078df339aef,0.2819481000005908
case_068,5853,5351,6260,15148,48319,263,220,32,249101,154696,15.91255011800484,2,9,e036355a9896d114dfcdece68c249b08e4aa535c421a8040043c65cbb3b9c99b,0.196241600000576
case_069,1074,1032,1110,2844,2298,45,144,1,16674,15288,36.98391840310369,2,6,5fc5fd7479ccbd6b73208a50d6cc51a87cb02eb995aa875626983028f8ff6310,0.04773220000060974
case_070,1437,1191,1630,3424,4054,34,213,38,91832,47214,12.99344101951872,2,14,3a51d745a6034b7bfed4781fcf3f664ea55fd9755a287be4e6a6e67e669b37bc,0.04554710000047635
case_071,781,741,816,2063,2298,45,100,1,12534,10954,36.07629427792916,2,6,4463364a16718f9d99f7bdd05864dc62cfdc9dd45970261586fb73452ebb5f20,0.015990800000508898
case_072,31387,29666,32624,88639,31968,250,11082,476,22928094,1708199,7.402668250454726,2,9,fb08ad645f1faac3d62d6dd6c27a05e8096b4f51562caf7eb3d74f3b9983f1d1,1.039359799999147
case_073,4964,4836,5053,12814,220224,123,39,39,8160672,428064,1.060156931124673,2,2,e8b0def9e7a57df1eef60291f289922a76081399dadcfb360311bca8b7c3ca88,0.14674310000009427
case_074,4269,3609,4833,11541,3091,38,1474,73,1579424,198420,8.440172478575173,2,11,4a7a51f0b0e48d970e6afd30e318a6595918dc5e4320b27e997b26fc274ce75b,0.14856829999916954
case_075,7684,7410,7953,20378,182300,459,105,1,1107520,644660,8.604558892351243,2,6,42ab22c444c7cbdb09526261e1133df38b0f789658b91006a5cd5aa16c4f2ef2,0.19263870000031602
case_076,35076,32528,36815,99916,2774,12,15270,809,6061644,947248,13.055532885939746,2,2,3efe0c6d0bcd48e783b5d77b45d5488e4c4b7211532e673c051ade2e821fec38,1.0799495999999635
case_077,4872,4486,5208,12652,15619,134,213,41,415406,136672,13.283267944022402,2,9,151ca349906b7bd2becc900f76d56fb0cc8b86dcdcae4e0915fefa9455d63721,0.1408995000001596
case_078,1094,1024,1156,2812,246816,123,16,8,2037888,103296,2.703012912482066,2,2,287022b6bd3a46620ba21c467ce885bbfba423a76aab31a080e98d3e4a2251df,0.028794699999707518
case_079,20130,18720,21252,58980,5952,7,9504,288,29424384,3760128,6.825244740679025,2,1,8c13f61fc8a44291c8d025d5ce3c97fffd9e67dfbbed8aaff12ae0f67c2f80f5,0.6071623000007094
case_080,1395,1098,1674,3888,746,6,558,18,289044,20520,14.290033724851726,2,1,a74bd514bee64f3d1741191234efad8cfa18aaf31d30ecb445792a2ba478644c,0.050086999999621185
case_081,4505,3485,5185,11220,407,11,680,85,0,151725,18.38879551820728,2,5,73d4b3773270d03c5da1a6605665447cea2008ba52bb324efc33cad3979e2158,0.10026070000094478
case_082,4209,4113,4298,11187,54690,137,196,1,567936,359766,8.973709229903568,2,7,7ef4a6efcb7b6c06a0ac8db8039cfcfe857b680747eb7ddd68d9b52cde4248f0,0.11308230000031472
case_083,3956,3844,4037,10206,28456,123,31,31,810836,71300,16.40933370818105,2,2,f5b083fde677440d9d15ea2f124876f6952c8633c7189e94ffbd8188dab000bb,0.0992353000001458
case_084,14001,8616,18309,33387,2328,7,1077,1077,1266552,1240704,13.938144329896907,2,2,4b044731bf1b892ea2f3fff50a49953099cbe27a5bd6b66f1db6ffb5f1fd43be,0.37324099999932514
case_085,19993,19737,20240,53243,165564,449,324,1,2565216,1724706,9.326670275123883,2,9,4c52f4062bf8e88a11a36502b4bc476e0dfe3454f35c8c7d9cf3dfabf5c2c825,0.5705740000012156
case_086,5372,5274,5462,14290,6894,137,256,1,79182,78060,38.958751478612584,2,8,dd6e3a0d2e49c6a1f2237868eba9c7ecf7cb95daec728369f4e39dc292922c7b,0.17555039999933797
case_087,28666,27556,29569,77339,82063,381,3066,196,3593280,882784,11.961063112591777,2,9,60c98e279bb891a583e96877d967765fa4a48a701351c3c8880312d01f931b4e,0.8389532000001054
case_088,3577,3309,3811,9270,32229,175,100,31,173608,99744,16.619384529836985,2,9,70fd5131ce8a77d3875d1c6fad8d0327616930e65e4109652b3d3d77bb214407,0.1649701999995159
case_089,5254,5120,5348,13628,16272,123,80,40,589120,109760,13.802197802197803,2,2,e3a966d5db7db2f103dd72e90d67f8540efc99c80370fea90477f3703e1b6f7d,0.1334141000006639
case_090,1744,1664,1811,4502,63936,123,26,13,840528,59280,2.6130374479889045,2,2,b9e4cb3d2704a892ca8de43f07fb51f18d211c1e486659b21088ef8942f5e25a,0.04049049999957788
case_091,33497,31554,34927,96492,56912,123,14803,513,8981360,931710,9.276809303273355,2,4,1e67219afc1572c197fc3f98fff58cb12746e087592f006ce47f307fc79eb756,1.0073362999992241
case_092,17942,17608,18134,46392,28456,123,142,142,3714152,326600,16.40933370818105,2,2,40e015a7d9a625b102d3680a6294c4beeec8aec7a49115954e7422cf6e5bbb65,0.5954308999989735
case_093,901,552,1181,2285,400,3,276,69,73968,12144,11.487179487179487,2,1,fcb036fca929ffe82934df08dd48b101c8ef4345b6d175b0bebf53f0dba0b2b1,0.032930199999100296
case_094,791,647,895,1925,2484,35,108,40,70944,36616,21.05076236519152,2,2,7a7254bf8e73765a848765461f6d1eba25fcad7d066f9bc9f399d7964bd827a1,0.020134099999268074
case_095,6006,3696,7854,14322,4512,7,462,462,1069992,1014552,28.680851063829788,2,2,989c77a407d650d65c5cb67bde5b310f86a2549172776891508ac83ab0aba51c,0.16707339999993565
case_096,1362,1198,1476,3200,9417,118,93,50,40144,53130,25.277612196324807,2,14,7c4fa0a426872c92458ed29b678b997b4c2a8c676372dc0f0ebc23664fb4a084,0.029393799999525072
case_097,7488,6592,8320,21568,23904,51,3328,64,10303488,1331712,6.894257425742574,2,1,ed52339689a26e5b513f8f1deacaa5d41c6be2cdd073ea1a9b24c7ecf38842f5,0.19220640000094136
case_098,1553,1365,1700,3615,6783,50,98,27,17296,162701,40.12834658355417,2,13,0d7dc2f7679817a21cf0cfef4b42b2673b499619cb3d572a618cdc3d588cb9c7,0.049012599998604856
case_099,7054,6296,7610,19599,2826,28,2810,202,1595484,144720,7.021923866397273,2,2,c91884194d008ed02a085a05f0835544fed9a32046bc7f74f420adf2081ee132,0.16423679999934393
case_100,1654,1394,1825,4014,4830,51,187,43,62556,102007,25.188456700473374,2,14,021ff19fb13cb80d2d9d4ded056cf04979f7473860745a59d741d972502bc0a1,0.053507799999351846
